mass_kg,grade_deg,steady_force_N,wheel_output_torque_Nm,minimum_uniform_mu,wheel_output_torque_Nm_at_accel_0p1
15.0,0.0,8.825985,0.308909475,0.06,0.3614094749999999
15.0,0.25,9.46774268794289,0.3313709940780012,0.06436335082070156,0.3838709940780012
15.0,0.5,10.109320123712461,0.35382620432993617,0.06872686779075879,0.40632620432993616
15.0,0.75,10.750705092599146,0.37627467824097016,0.07309071708483508,0.4287746782409701
15.0,1.0,11.391885383557677,0.3987159884245187,0.07745506492821758,0.4512159884245187
15.0,1.25,12.032848789439553,0.4211497076303844,0.08182007762214948,0.47364970763038433
15.0,1.5,12.673583107225456,0.443575408752891,0.08618592156918693,0.496075408752891
15.0,1.75,13.314076138257574,0.46599266483901514,0.09055276329858886,0.5184926648390151
15.0,2.0,13.95431568847185,0.48840104909651477,0.09492076949174773,0.5409010490965148
15.0,2.25,14.59428956863013,0.5108001349020546,0.09929010700766963,0.5633001349020547
15.0,2.5,15.233985594552236,0.5331894958093283,0.10366094290851205,0.5856894958093284
15.0,2.75,15.873391587347939,0.555568705557178,0.10803344448518745,0.608068705557178
15.0,3.0,16.51249537364882,0.5779373380777089,0.11240777928304121,0.6304373380777089
15.0,3.25,17.151284785840044,0.6002949675044016,0.11678411512761214,0.6527949675044016
15.0,3.5,17.789747662291983,0.6226411681802194,0.1211626201504843,0.6751411681802196
15.0,3.75,18.4278718475918,0.644975514665713,0.1255434628152382,0.6974755146657131
15.0,4.0,19.06564519277485,0.6672975817471197,0.1299268119435104,0.7197975817471197
15.0,4.25,19.703055555555963,0.6896069444444588,0.13431283674116962,0.7421069444444589
15.0,4.5,20.34009080056064,0.7119031780196224,0.13870170682461844,0.7644031780196224
15.0,4.75,20.976738799556085,0.734185857984463,0.1430935922472295,0.786685857984463
15.0,5.0,21.6129874316821,0.7564545601088736,0.147488663525924,0.8089545601088737
15.0,5.25,22.248824583681877,0.7787088604288658,0.15188709166790293,0.8312088604288658
15.0,5.5,22.88423815013256,0.8009483352546397,0.1562890481975386,0.8534483352546398
15.0,5.75,23.51921603367579,0.8231725611786527,0.1606947051834366,0.8756725611786527
15.0,6.0,24.153746145247954,0.8453811150836785,0.16510423526567647,0.8978811150836786
15.0,6.25,24.787816404310394,0.8675735741508639,0.16951781168324145,0.9200735741508639
15.0,6.5,25.421414739079356,0.8897495158677775,0.1739356083016455,0.9422495158677777
15.0,6.75,26.054529086755878,0.9119085180364558,0.1783577996407678,0.9644085180364559
15.0,7.0,26.687147393755374,0.9340501587814382,0.1827845609029046,0.9865501587814381
15.0,7.25,27.31925761593719,0.9561740165578018,0.18721606800104693,1.0086740165578019
15.0,7.5,27.95084771883386,0.9782796701591852,0.19165249758739583,1.0307796701591851
15.0,7.75,28.581905677880243,1.0003666987258086,0.19609402708212353,1.0528666987258086
15.0,8.0,29.212419478642456,1.022434681752486,0.20054083470239145,1.074934681752486
15.0,8.25,29.842377117046585,1.0444831990966306,0.2049930994916353,1.0969831990966306
15.0,8.5,30.471766599607268,1.0665118309862545,0.2094510013491278,1.1190118309862547
15.0,8.75,31.100575943655993,1.08852015802796,0.21391472105982903,1.14102015802796
15.0,9.0,31.728793177569273,1.1105077612149246,0.21838444032453627,1.1630077612149246
15.0,9.25,32.35640634099652,1.1324742219348785,0.22286034179034306,1.1849742219348787
15.0,9.5,32.9834034850878,1.154419121978073,0.22734260908141957,1.206919121978073
15.0,9.75,33.60977267272126,1.1763420435452443,0.23183142683012517,1.2288420435452443
15.0,10.0,34.23550197873049,1.1982425692555672,0.23632698070846497,1.2507425692555671
15.0,10.25,34.86057949013145,1.2201202821546009,0.2408294574599015,1.2726202821546009
15.0,10.5,35.48499330634937,1.241974765722228,0.24533904493153438,1.294474765722228
15.0,10.75,36.10873153944524,1.2638056038805834,0.24985593210665913,1.3163056038805836
15.0,11.0,36.731782314342226,1.285612381001978,0.2543803091377185,1.338112381001978
15.0,11.25,37.35413376905166,1.307394681916808,0.258912367379658,1.359894681916808
15.0,11.5,37.97577405489897,1.329152091921464,0.26345229942369935,1.381652091921464
15.0,11.75,38.596691336749174,1.3508841967862213,0.2680002991315442,1.4033841967862213
15.0,12.0,39.21687379323225,1.372590582763129,0.2725565616700221,1.425090582763129
15.0,12.25,39.83630961696821,1.3942708365938874,0.27712128354619614,1.4467708365938874
15.0,12.5,40.454987014791875,1.4159245455177158,0.28169466264293985,1.4684245455177158
15.0,12.75,41.072894207977384,1.4375512972792086,0.2862768982550008,1.4900512972792086
15.0,13.0,41.69001943246247,1.4591506801361867,0.2908681911255631,1.5116506801361866
15.0,13.25,42.30635093907242,1.480722282867535,0.29546874348332675,1.5332222828675353
15.0,13.5,42.92187699374381,1.5022656947810333,0.30007875908011605,1.5547656947810335
15.0,13.75,43.536585877747775,1.5237805057211722,0.3046984432290344,1.5762805057211726
15.0,14.0,44.15046588791328,1.545266306076965,0.3093280028431807,1.597766306076965
15.0,14.25,44.76350533684978,1.5667226867897426,0.3139676464749437,1.6192226867897428
15.0,14.5,45.37569255316989,1.5881492393609464,0.31861758435589027,1.6406492393609464
15.0,14.75,45.98701588171143,1.6095455558599001,0.3232780284372659,1.6620455558599
15.0,15.0,46.59746368375944,1.6309112289315806,0.3279491924311227,1.683411228931581
15.0,15.25,47.20702433726772,1.6522458518043703,0.33263129185209495,1.7047458518043703
15.0,15.5,47.81568623708007,1.6735490182978028,0.33732454405983847,1.7260490182978028
15.0,15.75,48.4234377951513,1.6948203228302956,0.3420291683021531,1.7473203228302958
15.0,16.0,49.03026744076779,1.7160593604268728,0.3467453857588079,1.7685593604268728
15.0,16.25,49.63616362076782,1.7372657267268738,0.3514734195860876,1.7897657267268738
15.0,16.5,50.24111479976148,1.758439017991652,0.35621349496208027,1.8109390179916522
15.0,16.75,50.845109460350386,1.7795788311122638,0.3609658391327281,1.8320788311122638
15.0,17.0,51.448136103346805,1.8006847636171384,0.3657306814586604,1.8531847636171384
15.0,17.25,52.050183247992706,1.8217564136797448,0.370508253462831,1.8742564136797448
15.0,17.5,52.651239432178286,1.8427933801262402,0.3752987888789835,1.8952933801262402
15.0,17.75,53.25129321266021,1.8637952624431076,0.3801025237009637,1.9162952624431075
15.0,18.0,53.85033316527945,1.884761660784781,0.3849196962329063,1.937261660784781
15.0,18.25,54.448347885178805,1.9056921759812584,0.38975054714031665,1.9581921759812584
15.0,18.5,55.045325987020036,1.9265864095457015,0.39459531950207316,1.9790864095457015
15.0,18.75,55.6412561052006,1.947443963682021,0.3994542588633758,1.9999439636820213
15.0,19.0,56.236126894070075,1.9682644412924528,0.40432761328966527,2.020764441292453
15.0,19.25,56.8299270281461,1.9890474459851137,0.40921563342153994,2.0415474459851137
15.0,19.5,57.42264520233009,2.009792582081553,0.414118572530698,2.0622925820815534
15.0,19.75,58.014270132122384,2.030499454624284,0.4190366865769316,2.0829994546242836
15.0,20.0,58.60479055383715,2.0511676693843004,0.42397023426620234,2.1036676693843
15.0,20.25,59.19419522481674,2.071796832868586,0.4289194771098271,2.1242968328685863
15.0,20.5,59.78247292364586,2.0923865523276053,0.4338846794848047,2.1448865523276055
15.0,20.75,60.369612450365096,2.1129364357627787,0.43886610869531406,2.1654364357627784
15.0,21.0,60.95560262668419,2.133446091933947,0.44386403503541577,2.1859460919339466
15.0,21.25,61.54043229619487,2.153915130366821,0.44887873185298965,2.2064151303668207
15.0,21.5,62.12409032458327,2.1743431613604147,0.4539104756149424,2.2268431613604145
15.0,21.75,62.70656559984184,2.1947297959944647,0.45895954597371935,2.2472297959944645
15.0,22.0,63.28784703248095,2.2150746461368334,0.4640262258351568,2.267574646136833
15.0,22.25,63.86792355574003,2.235377324450901,0.4691108014277097,2.2878773244509008
15.0,22.5,64.44678412579825,2.255637444402939,0.47421356237309503,2.3081374444029383
15.0,22.75,65.02441772198473,2.275854620269466,0.47933480175838683,2.328354620269465
15.0,23.0,65.60081334698847,2.296028467144597,0.48447481620960475,2.3485284671445967
15.0,23.25,66.17596002706763,2.316158600947367,0.48963390596683604,2.3686586009473674
15.0,23.5,66.74984681225847,2.3362446384290467,0.4948123749609336,2.3887446384290465
15.0,23.75,67.32246277658383,2.3562861971804345,0.5000105308918334,2.4087861971804343
15.0,24.0,67.89379701826117,2.3762828956391413,0.5052286853085362,2.4287828956391406
15.0,24.25,68.46383865991007,2.3962343530968524,0.5104671536907989,2.4487343530968526
15.0,24.5,69.0325768487594,2.4161401897065793,0.5157262555325847,2.4686401897065795
15.0,24.75,69.60000075685385,2.436000026489885,0.5210063144273182,2.488500026489884
15.0,25.0,70.16609958126011,2.455813485344104,0.5263076581549986,2.5083134853441043
15.0,25.25,70.73086254427261,2.4755801890495417,0.5316306187712211,2.5280801890495415
15.0,25.5,71.29427889361861,2.4952997612766517,0.5369755326981602,2.547799761276651
15.0,25.75,71.85633790266297,2.514971826593204,0.5423427408175705,2.5674718265932044
15.0,26.0,72.41702887061234,2.5345960104714322,0.5477325885658615,2.5870960104714316
15.0,26.25,72.97634112271892,2.5541719392951623,0.5531454260313041,2.6066719392951625
15.0,26.5,73.53426401048364,2.5736992403669277,0.5585816080534314,2.626199240366927
15.0,26.75,74.09078691185896,2.5931775419150638,0.564041494324693,2.6456775419150635
15.0,27.0,74.64589923145107,2.6126064731007874,0.5695254494944288,2.6651064731007876
15.0,27.25,75.19959040072153,2.6319856640252537,0.5750338432752289,2.684485664025254
15.0,27.5,75.75184987818866,2.6513147457366033,0.5805670505517462,2.7038147457366035
15.0,27.75,76.30266714962805,2.670593350236982,0.586125451492034,2.723093350236982
15.0,28.0,76.85203172827283,2.6898211104895493,0.5917094316614788,2.742321110489549
15.0,28.25,77.39993315501333,2.708997660425467,0.5973193821394065,2.761497660425466
15.0,28.5,77.94636099859615,2.7281226349508656,0.6029556996384369,2.780622634950865
15.0,28.75,78.49130485582282,2.7471956699537987,0.6086187866266675,2.799695669953799
15.0,29.0,79.03475435174782,2.766216402311174,0.6143090514527689,2.818716402311174
15.0,29.25,79.57669913987608,2.7851844698956634,0.6200269084740768,2.837684469895663
15.0,29.5,80.11712890236011,2.804099511582604,0.6257727781877702,2.856599511582604
15.0,29.75,80.65603335019615,2.8229611672568655,0.6315470873652222,2.8754611672568657
15.0,30.0,81.19340222342039,2.841769077819714,0.6373502691896258,2.8942690778197133
15.0,30.25,81.72922529130406,2.8605228851956426,0.6431827633969807,2.9130228851956423
15.0,30.5,82.26349235254833,2.879222232339192,0.649045016420551,2.9317222323391916
15.0,30.75,82.79619323547848,2.897866763241747,0.6549374815388933,2.9503667632417465
15.0,31.0,83.32731779823757,2.9164561229383152,0.6608606190275603,2.9689561229383155
15.0,31.25,83.85685592897951,2.9349899575142833,0.6668148963145961,2.987489957514283
15.0,31.5,84.38479754606163,2.9534679141121574,0.672800788139932,3.0059679141121576
15.0,31.75,84.91113259823658,2.9718896409382807,0.6788187767188065,3.02438964093828
15.0,32.0,85.43585106484356,2.990254787269525,0.6848693519093274,3.042754787269525
15.0,32.25,85.9589429559994,3.0085630034599795,0.6909530113843061,3.0610630034599793
15.0,32.5,86.48039831278852,3.0268139409475987,0.6970702608074932,3.0793139409475985
15.0,32.75,87.0002072074526,3.0450072522608416,0.7032216140143517,3.0975072522608413
15.0,33.0,87.51835974357952,3.0631425910252834,0.7094075931975106,3.115642591025283
15.0,33.25,88.03484605629193,3.0812196119702175,0.7156287290970378,3.1337196119702173
15.0,33.5,88.54965631243492,3.0992379709352225,0.7218855611956916,3.1517379709352227
15.0,33.75,89.0627807107633,3.117197324876716,0.7281786379192989,3.1696973248767155
15.0,34.0,89.5742094821282,3.135097331874487,0.7345085168424266,3.1875973318744872
15.0,34.25,90.08393288966298,3.1529376511382043,0.7408757648995099,3.205437651138204
15.0,34.5,90.59194122896875,3.1707179430139067,0.7472809586016131,3.223217943013906
15.0,34.75,91.09822482829901,3.1884378689904658,0.7537246842590017,3.240937868990465
15.0,35.0,91.60277404874375,3.206097091706032,0.7602075382097098,3.258597091706031
24.0,0.0,14.121575999999997,0.49425515999999997,0.06,0.5782551599999999
24.0,0.25,15.148388300708625,0.530193590524802,0.06436335082070156,0.6141935905248018
24.0,0.5,16.17491219793994,0.5661219269278979,0.06872686779075879,0.6501219269278978
24.0,0.75,17.20112814815863,0.6020394851855522,0.07309071708483508,0.6860394851855522
24.0,1.0,18.227016613692285,0.6379455814792301,0.07745506492821758,0.72194558147923
24.0,1.25,19.252558063103283,0.6738395322086149,0.08182007762214948,0.7578395322086151
24.0,1.5,20.27773297156073,0.7097206540046257,0.08618592156918693,0.7937206540046257
24.0,1.75,21.302521821212117,0.7455882637424242,0.09055276329858886,0.8295882637424242
24.0,2.0,22.326905101554956,0.7814416785544236,0.09492076949174773,0.8654416785544238
24.0,2.25,23.350863309808204,0.8172802158432872,0.09929010700766963,0.9012802158432874
24.0,2.5,24.37437695128358,0.8531031932949253,0.10366094290851205,0.9371031932949253
24.0,2.75,25.3974265397567,0.8889099288914846,0.10803344448518745,0.9729099288914848
24.0,3.0,26.419992597838114,0.924699740924334,0.11240777928304121,1.0086997409243341
24.0,3.25,27.44205565734407,0.9604719480070426,0.11678411512761214,1.0444719480070426
24.0,3.5,28.463596259667174,0.9962258690883512,0.1211626201504843,1.0802258690883513
24.0,3.75,29.48459495614688,1.031960823465141,0.1255434628152382,1.115960823465141
24.0,4.0,30.50503230843976,1.0676761307953917,0.1299268119435104,1.1516761307953916
24.0,4.25,31.524888888889542,1.1033711111111342,0.13431283674116962,1.187371111111134
24.0,4.5,32.54414528089702,1.1390450848313958,0.13870170682461844,1.223045084831396
24.0,4.75,33.56278207928973,1.1746973727751409,0.1430935922472295,1.258697372775141
24.0,5.0,34.58077989069136,1.2103272961741978,0.147488663525924,1.2943272961741978
24.0,5.25,35.598119333891006,1.2459341766861853,0.15188709166790293,1.3299341766861852
24.0,5.5,36.6147810402121,1.2815173364074237,0.1562890481975386,1.3655173364074236
24.0,5.75,37.63074565388126,1.3170760978858442,0.1606947051834366,1.4010760978858445
24.0,6.0,38.64599383239673,1.3526097841338856,0.16510423526567647,1.4366097841338858
24.0,6.25,39.66050624689663,1.3881177186413822,0.16951781168324145,1.472117718641382
24.0,6.5,40.674263582526976,1.4235992253884442,0.1739356083016455,1.5075992253884443
24.0,6.75,41.687246538809404,1.4590536288583293,0.1783577996407678,1.5430536288583294
24.0,7.0,42.699435830008596,1.494480254050301,0.1827845609029046,1.5784802540503011
24.0,7.25,43.710812185499506,1.529878426492483,0.18721606800104693,1.613878426492483
24.0,7.5,44.72135635013417,1.5652474722546963,0.19165249758739583,1.6492474722546964
24.0,7.75,45.73104908460839,1.6005867179612936,0.19609402708212353,1.684586717961294
24.0,8.0,46.73987116582793,1.6358954908039776,0.20054083470239145,1.7198954908039776
24.0,8.25,47.74780338727454,1.671173118554609,0.2049930994916353,1.755173118554609
24.0,8.5,48.75482655937163,1.7064189295780072,0.2094510013491278,1.790418929578007
24.0,8.75,49.76092150984959,1.7416322528447357,0.21391472105982903,1.8256322528447357
24.0,9.0,50.76606908411084,1.7768124179438796,0.21838444032453627,1.8608124179438796
24.0,9.25,51.77025014559444,1.8119587550958056,0.22286034179034306,1.8959587550958055
24.0,9.5,52.773445576140475,1.847070595164917,0.22734260908141957,1.931070595164917
24.0,9.75,53.77563627635402,1.8821472696723909,0.23183142683012517,1.966147269672391
24.0,10.0,54.776803165968786,1.9171881108089077,0.23632698070846497,2.001188110808908
24.0,10.25,55.77692718421032,1.9521924514473614,0.2408294574599015,2.0361924514473615
24.0,10.5,56.77598929015899,1.9871596251555648,0.24533904493153438,2.071159625155565
24.0,10.75,57.773970463112384,2.022088966208934,0.24985593210665913,2.1060889662089335
24.0,11.0,58.77085170294756,2.0569798096031646,0.2543803091377185,2.1409798096031647
24.0,11.25,59.76661403048266,2.0918314910668934,0.258912367379658,2.175831491066893
24.0,11.5,60.761238487838355,2.1266433470743427,0.26345229942369935,2.2106433470743427
24.0,11.75,61.75470613879868,2.161414714857954,0.2680002991315442,2.245414714857954
24.0,12.0,62.74699806917161,2.1961449324210065,0.2725565616700221,2.2801449324210066
24.0,12.25,63.73809538714913,2.23083333855022,0.27712128354619614,2.31483333855022
24.0,12.5,64.72797922366699,2.265479272828345,0.28169466264293985,2.3494792728283453
24.0,12.75,65.71663073276382,2.300082075646734,0.2862768982550008,2.3840820756467336
24.0,13.0,66.70403109193995,2.3346410882178987,0.2908681911255631,2.418641088217899
24.0,13.25,67.69016150251588,2.369155652588056,0.29546874348332675,2.4531556525880562
24.0,13.5,68.6750031899901,2.4036251116496534,0.30007875908011605,2.4876251116496535
24.0,13.75,69.65853740439644,2.4380488091538757,0.3046984432290344,2.5220488091538757
24.0,14.0,70.64074542066123,2.4724260897231436,0.3093280028431807,2.5564260897231437
24.0,14.25,71.62160853895966,2.5067562988635883,0.3139676464749437,2.590756298863588
24.0,14.5,72.60110808507183,2.5410387829775143,0.31861758435589027,2.625038782977514
24.0,14.75,73.57922541073829,2.5752728893758405,0.3232780284372659,2.6592728893758406
24.0,15.0,74.55594189401512,2.6094579662905293,0.3279491924311227,2.6934579662905294
24.0,15.25,75.53123893962835,2.6435933628869925,0.33263129185209495,2.727593362886992
24.0,15.5,76.50509797932811,2.6776784292764844,0.33732454405983847,2.7616784292764844
24.0,15.75,77.47750047224208,2.7117125165284732,0.3420291683021531,2.795712516528473
24.0,16.0,78.44842790522846,2.745694976682996,0.3467453857588079,2.8296949766829966
24.0,16.25,79.41786179322851,2.779625162762998,0.3514734195860876,2.863625162762998
24.0,16.5,80.38578367961838,2.8135024287866437,0.35621349496208027,2.8975024287866433
24.0,16.75,81.35217513656062,2.847326129779622,0.3609658391327281,2.931326129779622
24.0,17.0,82.31701776535488,2.881095621787421,0.3657306814586604,2.9650956217874214
24.0,17.25,83.28029319678832,2.9148102618875917,0.370508253462831,2.998810261887592
24.0,17.5,84.24198309148525,2.948469408201984,0.3752987888789835,3.0324694082019845
24.0,17.75,85.20206914025633,2.9820724199089716,0.3801025237009637,3.0660724199089717
24.0,18.0,86.16053306444712,3.0156186572556494,0.3849196962329063,3.09961865725565
24.0,18.25,87.11735661628609,3.0491074815700134,0.38975054714031665,3.1331074815700135
24.0,18.5,88.07252157923206,3.082538255273122,0.39459531950207316,3.1665382552731227
24.0,18.75,89.02600976832096,3.115910341891234,0.3994542588633758,3.199910341891234
24.0,19.0,89.97780303051212,3.1492231060679243,0.40432761328966527,3.233223106067925
24.0,19.25,90.92788324503377,3.1824759135761824,0.40921563342153994,3.2664759135761825
24.0,19.5,91.87623232372815,3.2156681313304856,0.414118572530698,3.299668131330485
24.0,19.75,92.82283221139582,3.248799127398854,0.4190366865769316,3.3327991273988538
24.0,20.0,93.76766488613944,3.281868271014881,0.42397023426620234,3.36586827101488
24.0,20.25,94.71071235970679,3.314874932589738,0.4289194771098271,3.3988749325897376
24.0,20.5,95.65195667783338,3.347818483724169,0.4338846794848047,3.4318184837241685
24.0,20.75,96.59137992058416,3.380698297220446,0.43886610869531406,3.464698297220445
24.0,21.0,97.52896420269471,3.4135137470943153,0.44386403503541577,3.4975137470943145
24.0,21.25,98.4646916739118,3.4462642085869133,0.44887873185298965,3.5302642085869125
24.0,21.5,99.39854451933323,3.478949058176663,0.4539104756149424,3.5629490581766636
24.0,21.75,100.33050495974695,3.5115676735911436,0.45895954597371935,3.595567673591143
24.0,22.0,101.26055525196952,3.5441194338189335,0.4640262258351568,3.6281194338189326
24.0,22.25,102.18867768918403,3.5766037191214415,0.4691108014277097,3.6606037191214416
24.0,22.5,103.11485460127719,3.609019911044702,0.47421356237309503,3.6930199110447015
24.0,22.75,104.03906835517557,3.6413673924311456,0.47933480175838683,3.725367392431145
24.0,23.0,104.96130135518156,3.673645547431355,0.48447481620960475,3.7576455474313546
24.0,23.25,105.88153604330822,3.705853761515788,0.48963390596683604,3.7898537615157877
24.0,23.5,106.79975489961356,3.737991421486475,0.4948123749609336,3.8219914214864743
24.0,23.75,107.71594044253413,3.770057915488695,0.5000105308918334,3.8540579154886947
24.0,24.0,108.63007522921787,3.8020526330226256,0.5052286853085362,3.8860526330226253
24.0,24.25,109.54214185585612,3.8339749649549644,0.5104671536907989,3.917974964954964
24.0,24.5,110.45212295801505,3.8658243035305273,0.5157262555325847,3.9498243035305265
24.0,24.75,111.36000121096615,3.8976000423838153,0.5210063144273182,3.9816000423838154
24.0,25.0,112.26575933001618,3.9293015765505666,0.5263076581549986,4.013301576550567
24.0,25.25,113.16938007083618,3.960928302479267,0.5316306187712211,4.044928302479266
24.0,25.5,114.07084622978977,3.9924796180426423,0.5369755326981602,4.076479618042643
24.0,25.75,114.97014064426075,4.023954922549127,0.5423427408175705,4.107954922549126
24.0,26.0,115.86724619297974,4.055353616754291,0.5477325885658615,4.139353616754291
24.0,26.25,116.76214579635027,4.08667510287226,0.5531454260313041,4.17067510287226
24.0,26.5,117.65482241677381,4.117918784587084,0.5585816080534314,4.201918784587084
24.0,26.75,118.54525905897434,4.149084067064102,0.564041494324693,4.233084067064102
24.0,27.0,119.43343877032171,4.18017035696126,0.5695254494944288,4.26417035696126
24.0,27.25,120.31934464115446,4.211177062440407,0.5750338432752289,4.295177062440406
24.0,27.5,121.20295980510187,4.242103593178566,0.5805670505517462,4.326103593178566
24.0,27.75,122.08426743940488,4.2729493603791715,0.586125451492034,4.356949360379171
24.0,28.0,122.96325076523652,4.303713776783279,0.5917094316614788,4.387713776783279
24.0,28.25,123.83989304802131,4.334396256680746,0.5973193821394065,4.418396256680746
24.0,28.5,124.71417759775383,4.364996215921384,0.6029556996384369,4.448996215921384
24.0,28.75,125.58608776931652,4.395513071926079,0.6086187866266675,4.479513071926078
24.0,29.0,126.45560696279651,4.4259462436978785,0.6143090514527689,4.509946243697878
24.0,29.25,127.32271862380173,4.456295151833061,0.6200269084740768,4.540295151833061
24.0,29.5,128.18740624377617,4.486559218532166,0.6257727781877702,4.570559218532167
24.0,29.75,129.04965336031384,4.516737867610985,0.6315470873652222,4.600737867610985
24.0,30.0,129.90944355747263,4.546830524511543,0.6373502691896258,4.630830524511541
24.0,30.25,130.7667604660865,4.576836616313028,0.6431827633969807,4.660836616313027
24.0,30.5,131.62158776407733,4.606755571742707,0.649045016420551,4.690755571742707
24.0,30.75,132.47390917676557,4.636586821186795,0.6549374815388933,4.720586821186795
24.0,31.0,133.3237084771801,4.666329796701304,0.6608606190275603,4.750329796701305
24.0,31.25,134.17096948636723,4.695983932022854,0.6668148963145961,4.779983932022853
24.0,31.5,135.01567607369861,4.725548662579452,0.672800788139932,4.809548662579452
24.0,31.75,135.8578121571785,4.755023425501248,0.6788187767188065,4.8390234255012485
24.0,32.0,136.6973617037497,4.784407659631239,0.6848693519093274,4.86840765963124
24.0,32.25,137.53430872959905,4.813700805535967,0.6909530113843061,4.897700805535967
24.0,32.5,138.36863730046164,4.842902305516158,0.6970702608074932,4.926902305516158
24.0,32.75,139.20033153192418,4.872011603617347,0.7032216140143517,4.956011603617346
24.0,33.0,140.02937558972724,4.901028145640454,0.7094075931975106,4.985028145640453
24.0,33.25,140.85575369006708,4.929951379152348,0.7156287290970378,5.013951379152348
24.0,33.5,141.6794500998959,4.958780753496357,0.7218855611956916,5.042780753496356
24.0,33.75,142.50044913722127,4.987515719802745,0.7281786379192989,5.071515719802745
24.0,34.0,143.3187351714051,5.016155730999179,0.7345085168424266,5.100155730999179
24.0,34.25,144.13429262346074,5.044700241821126,0.7408757648995099,5.128700241821127
24.0,34.5,144.94710596635,5.07314870882225,0.7472809586016131,5.15714870882225
24.0,34.75,145.7571597252784,5.101500590384744,0.7537246842590017,5.185500590384745
24.0,35.0,146.56443847799,5.129755346729651,0.7602075382097098,5.21375534672965
35.0,0.0,20.593964999999997,0.7207887749999999,0.06,0.843288775
35.0,0.25,22.091399605200078,0.7731989861820028,0.06436335082070156,0.8956989861820027
35.0,0.5,23.58841362199574,0.825594476769851,0.06872686779075879,0.948094476769851
35.0,0.75,25.084978549398006,0.8779742492289303,0.07309071708483508,1.0004742492289302
35.0,1.0,26.581065894967914,0.9303373063238771,0.07745506492821758,1.0528373063238772
35.0,1.25,28.076647175358957,0.9826826511375636,0.08182007762214948,1.1051826511375635
35.0,1.5,29.5716939168594,1.035009287090079,0.08618592156918693,1.157509287090079
35.0,1.75,31.06617765593434,1.087316217957702,0.09055276329858886,1.209816217957702
35.0,2.0,32.56006993976765,1.1396024478918678,0.09492076949174773,1.2621024478918679
35.0,2.25,34.05334232680364,1.1918669814381275,0.09929010700766963,1.3143669814381274
35.0,2.5,35.54596638728855,1.2441088235550994,0.10366094290851205,1.3666088235550995
35.0,2.75,37.03791370381185,1.296326979633415,0.10803344448518745,1.4188269796334152
35.0,3.0,38.52915587184725,1.348520455514654,0.11240777928304121,1.471020455514654
35.0,3.25,40.01966450029343,1.4006882575102702,0.11678411512761214,1.5231882575102704
35.0,3.5,41.509411212014626,1.452829392420512,0.1211626201504843,1.5753293924205123
35.0,3.75,42.99836764438087,1.5049428675533305,0.1255434628152382,1.6274428675533306
35.0,4.0,44.48650544980798,1.5570276907432794,0.1299268119435104,1.6795276907432797
35.0,4.25,45.97379629629725,1.6090828703704039,0.13431283674116962,1.731582870370404
35.0,4.5,47.46021186797482,1.6611074153791188,0.13870170682461844,1.783607415379119
35.0,4.75,48.94572386563086,1.7131003352970802,0.1430935922472295,1.8356003352970804
35.0,5.0,50.430304007258236,1.7650606402540385,0.147488663525924,1.8875606402540384
35.0,5.25,51.91392402859105,1.816987341000687,0.15188709166790293,1.9394873410006868
35.0,5.5,53.396555683642646,1.8688794489274927,0.1562890481975386,1.9913794489274927
35.0,5.75,54.87817074524351,1.920735976083523,0.1606947051834366,2.043235976083523
35.0,6.0,56.358741005578565,1.97255593519525,0.16510423526567647,2.09505593519525
35.0,6.25,57.83823827672425,2.024338339685349,0.16951781168324145,2.146838339685349
35.0,6.5,59.31663439118517,2.076082203691481,0.1739356083016455,2.198582203691481
35.0,6.75,60.79390120243038,2.1277865420850635,0.1783577996407678,2.250286542085064
35.0,7.0,62.270010585429205,2.1794503704900223,0.1827845609029046,2.3019503704900224
35.0,7.25,63.74493443718678,2.2310727053015373,0.18721606800104693,2.353572705301538
35.0,7.5,65.218644677279,2.282652563704765,0.19165249758739583,2.4051525637047653
35.0,7.75,66.69111324838723,2.334188963693553,0.19609402708212353,2.4566889636935536
35.0,8.0,68.1623121168324,2.385680924089134,0.20054083470239145,2.508180924089134
35.0,8.25,69.6322132731087,2.437127464558805,0.2049930994916353,2.559627464558804
35.0,8.5,71.10078873241696,2.488527605634594,0.2094510013491278,2.611027605634594
35.0,8.75,72.56801053519732,2.5398803687319065,0.21391472105982903,2.6623803687319065
35.0,9.0,74.03385074766165,2.591184776168158,0.21838444032453627,2.713684776168158
35.0,9.25,75.49828146232522,2.642439851181383,0.22286034179034306,2.764939851181383
35.0,9.5,76.9612747985382,2.6936446179488374,0.22734260908141957,2.8161446179488374
35.0,9.75,78.42280290301628,2.74479810160557,0.23183142683012517,2.86729810160557
35.0,10.0,79.88283795037114,2.79589932826299,0.23632698070846497,2.91839932826299
35.0,10.25,81.34135214364005,2.846947325027402,0.2408294574599015,2.969447325027402
35.0,10.5,82.7983177148152,2.8979411200185323,0.24533904493153438,3.0204411200185324
35.0,10.75,84.25370692537223,2.948879742388028,0.24985593210665913,3.0713797423880282
35.0,11.0,85.70749206679852,2.9997622223379485,0.2543803091377185,3.1222622223379486
35.0,11.25,87.15964546112053,3.050587591139219,0.258912367379658,3.173087591139219
35.0,11.5,88.61013946143093,3.101354881150083,0.26345229942369935,3.223854881150083
35.0,11.75,90.05894645241474,3.152063125834516,0.2680002991315442,3.2745631258345163
35.0,12.0,91.50603885087526,3.2027113597806345,0.2725565616700221,3.325211359780634
35.0,12.25,92.95138910625914,3.2532986187190702,0.27712128354619614,3.3757986187190707
35.0,12.5,94.39496970118104,3.3038239395413367,0.28169466264293985,3.4263239395413367
35.0,12.75,95.83675315194724,3.3542863603181536,0.2862768982550008,3.4767863603181537
35.0,13.0,97.27671200907909,3.4046849203177687,0.2908681911255631,3.527184920317769
35.0,13.25,98.71481885783567,3.4550186600242485,0.29546874348332675,3.5775186600242486
35.0,13.5,100.15104631873555,3.5052866211557445,0.30007875908011605,3.6277866211557446
35.0,13.75,101.58536704807815,3.5554878466827358,0.3046984432290344,3.677987846682736
35.0,14.0,103.01775373846431,3.605621380846251,0.3093280028431807,3.728121380846251
35.0,14.25,104.44817911931617,3.655686269176066,0.3139676464749437,3.778186269176066
35.0,14.5,105.87661595739641,3.705681558508875,0.31861758435589027,3.8281815585088745
35.0,14.75,107.30303705732668,3.755606297006434,0.3232780284372659,3.878106297006434
35.0,15.0,108.72741526210537,3.8054595341736883,0.3279491924311227,3.927959534173689
35.0,15.25,110.14972345362467,3.855240320876864,0.33263129185209495,3.977740320876864
35.0,15.5,111.56993455318683,3.9049477093615392,0.33732454405983847,4.02744770936154
35.0,15.75,112.98802152201971,3.9545807532706903,0.3420291683021531,4.07708075327069
35.0,16.0,114.4039573617915,4.004138507662703,0.3467453857588079,4.126638507662704
35.0,16.25,115.81771511512491,4.053620029029372,0.3514734195860876,4.176120029029373
35.0,16.5,117.22926786611013,4.103024375313855,0.35621349496208027,4.225524375313855
35.0,16.75,118.63858874081757,4.152350605928615,0.3609658391327281,4.2748506059286155
35.0,17.0,120.0456509078092,4.201597781773322,0.3657306814586604,4.324097781773323
35.0,17.25,121.45042757864964,4.2507649652527375,0.370508253462831,4.373264965252738
35.0,17.5,122.852892008416,4.299851220294561,0.3752987888789835,4.42235122029456
35.0,17.75,124.25301749620715,4.348855612367251,0.3801025237009637,4.471355612367251
35.0,18.0,125.65077738565205,4.397777208497822,0.3849196962329063,4.520277208497822
35.0,18.25,127.0461450654172,4.446615077289603,0.38975054714031665,4.569115077289603
35.0,18.5,128.4390939697134,4.49536828893997,0.39459531950207316,4.61786828893997
35.0,18.75,129.8295975788014,4.54403591525805,0.3994542588633758,4.6665359152580494
35.0,19.0,131.21762941949683,4.59261702968239,0.40432761328966527,4.715117029682389
35.0,19.25,132.60316306567424,4.641110707298599,0.40921563342153994,4.763610707298599
35.0,19.5,133.9861721387702,4.689516024856958,0.414118572530698,4.812016024856957
35.0,19.75,135.36663030828555,4.737832060789994,0.4190366865769316,4.860332060789995
35.0,20.0,136.7445112922867,4.7860578952300346,0.42397023426620234,4.908557895230033
35.0,20.25,138.11978885790572,4.834192610026701,0.4289194771098271,4.9566926100267015
35.0,20.5,139.49243682184036,4.882235288764413,0.4338846794848047,5.0047352887644125
35.0,20.75,140.8624290508519,4.9301850167798165,0.43886610869531406,5.052685016779817
35.0,21.0,142.2297394622631,4.978040881179209,0.44386403503541577,5.100540881179209
35.0,21.25,143.5943420244547,5.025801970855915,0.44887873185298965,5.148301970855914
35.0,21.5,144.95621075736096,5.073467376507634,0.4539104756149424,5.195967376507634
35.0,21.75,146.3153197329643,5.121036190653751,0.45895954597371935,5.24353619065375
35.0,22.0,147.67164307578886,5.168507507652611,0.4640262258351568,5.291007507652611
35.0,22.25,149.0251549633934,5.215880423718769,0.4691108014277097,5.338380423718769
35.0,22.5,150.37582962686255,5.26315403694019,0.47421356237309503,5.38565403694019
35.0,22.75,151.7236413512977,5.310327447295419,0.47933480175838683,5.43282744729542
35.0,23.0,153.06856447630645,5.357399756670726,0.48447481620960475,5.479899756670725
35.0,23.25,154.41057339649115,5.40437006887719,0.48963390596683604,5.526870068877191
35.0,23.5,155.74964256193644,5.4512374896677755,0.4948123749609336,5.573737489667775
35.0,23.75,157.08574647869563,5.498001126754348,0.5000105308918334,5.6205011267543465
35.0,24.0,158.41885970927606,5.544660089824663,0.5052286853085362,5.6671600898246615
35.0,24.25,159.7489568731235,5.591213490559323,0.5104671536907989,5.713713490559322
35.0,24.5,161.07601264710527,5.637660442648685,0.5157262555325847,5.760160442648685
35.0,24.75,162.4000017659923,5.684000061809731,0.5210063144273182,5.80650006180973
35.0,25.0,163.72089902294027,5.73023146580291,0.5263076581549986,5.85273146580291
35.0,25.25,165.03867926996944,5.776353774448931,0.5316306187712211,5.89885377444893
35.0,25.5,166.35331741844342,5.822366109645521,0.5369755326981602,5.9448661096455195
35.0,25.75,167.66478843954692,5.868267595384143,0.5423427408175705,5.990767595384143
35.0,26.0,168.97306736476213,5.9140573577666755,0.5477325885658615,6.036557357766674
35.0,26.25,170.27812928634415,5.959734525022046,0.5531454260313041,6.082234525022045
35.0,26.5,171.57994935779516,6.0052982275228315,0.5585816080534314,6.12779822752283
35.0,26.75,172.87850279433758,6.0507475978018155,0.564041494324693,6.173247597801816
35.0,27.0,174.17376487338584,6.096081770568505,0.5695254494944288,6.218581770568504
35.0,27.25,175.46571093501692,6.141299882725592,0.5750338432752289,6.263799882725593
35.0,27.5,176.75431638244024,6.186401073385409,0.5805670505517462,6.308901073385408
35.0,27.75,178.03955668246545,6.231384483886291,0.586125451492034,6.353884483886291
35.0,28.0,179.32140736596995,6.276249257808948,0.5917094316614788,6.398749257808948
35.0,28.25,180.59984402836443,6.320994540992755,0.5973193821394065,6.443494540992755
35.0,28.5,181.87484233005767,6.365619481552019,0.6029556996384369,6.488119481552018
35.0,28.75,183.1463779969199,6.410123229892197,0.6086187866266675,6.532623229892198
35.0,29.0,184.41442682074492,6.454504938726073,0.6143090514527689,6.577004938726072
35.0,29.25,185.67896465971089,6.498763763089881,0.6200269084740768,6.621263763089881
35.0,29.5,186.93996743884026,6.54289886035941,0.6257727781877702,6.665398860359408
35.0,29.75,188.1974111504577,6.58690939026602,0.6315470873652222,6.7094093902660195
35.0,30.0,189.45127185464756,6.630794514912665,0.6373502691896258,6.753294514912665
35.0,30.25,190.70152567970948,6.674553398789833,0.6431827633969807,6.797053398789832
35.0,30.5,191.94814882261275,6.718185208791447,0.649045016420551,6.840685208791447
35.0,30.75,193.19111754944979,6.761689114230743,0.6549374815388933,6.884189114230743
35.0,31.0,194.43040819588768,6.805064286856069,0.6608606190275603,6.927564286856068
35.0,31.25,195.66599716761888,6.848309900866662,0.6668148963145961,6.97080990086666
35.0,31.5,196.8978609408105,6.891425132928368,0.672800788139932,7.013925132928367
35.0,31.75,198.125976062552,6.934409162189321,0.6788187767188065,7.05690916218932
35.0,32.0,199.35031915130165,6.9772611702955585,0.6848693519093274,7.099761170295557
35.0,32.25,200.57086689733197,7.01998034140662,0.6909530113843061,7.1424803414066185
35.0,32.5,201.78759606317323,7.062565862211064,0.6970702608074932,7.185065862211063
35.0,32.75,203.00048348405608,7.105016921941964,0.7032216140143517,7.227516921941963
35.0,33.0,204.2095060683522,7.147332712392328,0.7094075931975106,7.269832712392327
35.0,33.25,205.4146407980145,7.189512427930508,0.7156287290970378,7.312012427930507
35.0,33.5,206.61586472901482,7.231555265515519,0.7218855611956916,7.35405526551552
35.0,33.75,207.81315499178103,7.2734604247123364,0.7281786379192989,7.395960424712337
35.0,34.0,209.00648879163245,7.315227107707137,0.7345085168424266,7.437727107707136
35.0,34.25,210.1958434092136,7.356854519322477,0.7408757648995099,7.479354519322476
35.0,34.5,211.38119620092706,7.398341867032448,0.7472809586016131,7.520841867032448
35.0,34.75,212.56252459936434,7.439688360977753,0.7537246842590017,7.5621883609777525
35.0,35.0,213.73980611373543,7.480893213980741,0.7602075382097098,7.603393213980739
