turn_radius_m,body_speed_m_s,wheel,steering_deg,rolling_speed_m_s,wheel_rpm
0.65,0.25,FL,67.82964551777485,0.1885560987262515,12.861272212459868
0.65,0.25,FR,22.154918987948317,0.463032996894409,31.583138687314037
0.65,0.25,RL,-67.82964551777485,0.1885560987262515,12.861272212459868
0.65,0.25,RR,-22.154918987948317,0.463032996894409,31.583138687314037
0.675,0.25,FL,65.17685962711134,0.1852651679126461,12.636800252591838
0.675,0.25,FR,21.71470286441643,0.4544726665751453,30.999244879538214
0.675,0.25,RL,-65.17685962711134,0.1852651679126461,12.636800252591838
0.675,0.25,RR,-21.71470286441643,0.4544726665751453,30.999244879538214
0.7000000000000001,0.25,FL,62.632960545554944,0.1825768638806401,12.453433020351426
0.7000000000000001,0.25,FR,21.290841273689946,0.4465486981236406,30.458756844697703
0.7000000000000001,0.25,RL,-62.632960545554944,0.1825768638806401,12.453433020351426
0.7000000000000001,0.25,RR,-21.290841273689946,0.4465486981236406,30.458756844697703
0.7250000000000001,0.25,FL,60.20078417262853,0.18040646405022695,12.305391651138827
0.7250000000000001,0.25,FR,20.882483364475693,0.4391939433294962,29.957094452961886
0.7250000000000001,0.25,RL,-60.20078417262853,0.18040646405022695,12.305391651138827
0.7250000000000001,0.25,RR,-20.882483364475693,0.4391939433294962,29.957094452961886
0.75,0.25,FL,57.88131699988301,0.17868065865610014,12.187675740014567
0.75,0.25,FR,20.48883309252972,0.43235029522110635,29.490294270719712
0.75,0.25,RL,-57.88131699988301,0.17868065865610014,12.187675740014567
0.75,0.25,RR,-20.48883309252972,0.43235029522110635,29.490294270719712
0.775,0.25,FL,55.673981220222515,0.17733605082429318,12.095961033035074
0.775,0.25,FR,20.10914517104471,0.4259672228258371,29.05490961765377
0.775,0.25,RL,-55.673981220222515,0.17733605082429318,12.095961033035074
0.775,0.25,RR,-20.10914517104471,0.4259672228258371,29.05490961765377
0.8,0.25,FL,53.5769231963977,0.17631786149239106,12.026511090816934
0.8,0.25,FR,19.74272134231973,0.4200005812868001,28.647929405684412
0.8,0.25,RL,-53.5769231963977,0.17631786149239106,12.026511090816934
0.8,0.25,RR,-19.74272134231973,0.4200005812868001,28.647929405684412
0.8250000000000001,0.25,FL,51.58728791539875,0.17557880145058688,11.976100351290578
0.8250000000000001,0.25,FR,19.388906945694156,0.41441163886637583,28.266711771598764
0.8250000000000001,0.25,RL,-51.58728791539875,0.17557880145058688,11.976100351290578
0.8250000000000001,0.25,RR,-19.388906945694156,0.41441163886637583,28.266711771598764
0.8500000000000001,0.25,FL,49.70146813570335,0.1750780844084673,11.941946811714711
0.8500000000000001,0.25,FR,19.047087758230763,0.40916627613048867,27.90892945400171
0.8500000000000001,0.25,RL,-49.70146813570335,0.1750780844084673,11.941946811714711
0.8500000000000001,0.25,RR,-19.047087758230763,0.40916627613048867,27.90892945400171
0.875,0.25,FL,47.91532211664252,0.17478056212851353,11.921653036771305
0.875,0.25,FR,18.716687086179782,0.40423432283157507,27.572524562592932
0.875,0.25,RL,-47.91532211664252,0.17478056212851353,11.921653036771305
0.875,0.25,RR,-18.716687086179782,0.40423432283157507,27.572524562592932
0.9,0.25,FL,46.22435782250399,0.17465596694680505,11.913154491462302
0.9,0.25,FR,18.397163086799765,0.39958900567556926,27.255670910760973
0.9,0.25,RL,-46.22435782250399,0.17465596694680505,11.913154491462302
0.9,0.25,RR,-18.397163086799765,0.39958900567556926,27.255670910760973
0.925,0.25,FL,44.62388431173557,0.17467824955971942,11.914674372029586
0.925,0.25,FR,18.088006301619416,0.3952064859600906,26.95674247822549
0.925,0.25,RL,-44.62388431173557,0.17467824955971942,11.914674372029586
0.925,0.25,RR,-18.088006301619416,0.3952064859600906,26.95674247822549
0.9500000000000001,0.25,FL,43.109132805048766,0.17482500153992536,11.924684216197429
0.9500000000000001,0.25,FR,17.78873738367682,0.3910654704983124,26.674286872441794
0.9500000000000001,0.25,RL,-43.109132805048766,0.17482500153992536,11.924684216197429
0.9500000000000001,0.25,RR,-17.78873738367682,0.3910654704983124,26.674286872441794
0.9750000000000001,0.25,FL,41.67535089288917,0.1750769531191298,11.941869647304655
0.9750000000000001,0.25,FR,17.498905002652585,0.38714688264823627,26.407002889750594
0.9750000000000001,0.25,RL,-41.67535089288917,0.1750769531191298,11.941869647304655
0.9750000000000001,0.25,RR,-17.498905002652585,0.38714688264823627,26.407002889750594
1.0,0.25,FL,40.31787371596411,0.17541753760670567,11.965100663620992
1.0,0.25,FR,17.21808391311512,0.3834335829058274,26.15372145724221
1.0,0.25,RL,-40.31787371596411,0.17541753760670567,11.965100663620992
1.0,0.25,RR,-17.21808391311512,0.3834335829058274,26.15372145724221
1.025,0.25,FL,39.03217592848199,0.1758325145436182,11.99340593395475
1.025,0.25,FR,16.94587317231366,0.3799101305796848,25.913389376761824
1.025,0.25,RL,-39.03217592848199,0.1758325145436182,11.99340593395475
1.025,0.25,RR,-16.94587317231366,0.3799101305796848,25.913389376761824
1.05,0.25,FL,37.81390798838317,0.1763096443843837,12.025950607949524
1.05,0.25,FR,16.68189449508802,0.37656257968262535,25.685055402825228
1.05,0.25,RL,-37.81390798838317,0.1763096443843837,12.025950607949524
1.05,0.25,RR,-16.68189449508802,0.37656257968262535,25.685055402825228
1.0750000000000002,0.25,FL,36.65891992680978,0.17683840817767643,12.062017195705478
1.0750000000000002,0.25,FR,16.42579073451366,0.37337830345446615,25.46785827344742
1.0750000000000002,0.25,RL,-36.65891992680978,0.17683840817767643,12.062017195705478
1.0750000000000002,0.25,RR,-16.42579073451366,0.37337830345446615,25.46785827344742
1.1,0.25,FL,35.56327530904114,0.17740976637888786,12.100989116562149
1.1,0.25,FR,16.177224477869572,0.37034584294741285,25.261016382263787
1.1,0.25,RL,-35.56327530904114,0.17740976637888786,12.100989116562149
1.1,0.25,RR,-16.177224477869572,0.37034584294741285,25.261016382263787
1.125,0.25,FL,34.52325766125718,0.1780159515671157,12.142336560477382
1.125,0.25,FR,15.935876748408168,0.3674547759189952,25.06381883581407
1.125,0.25,RL,-34.52325766125718,0.1780159515671157,12.142336560477382
1.125,0.25,RR,-15.935876748408168,0.3674547759189952,25.06381883581407
1.15,0.25,FL,33.53537123090473,0.17865029044474692,12.1856043467504
1.15,0.25,FR,15.701445804224921,0.3646956029317211,24.875617684483938
1.15,0.25,RL,-33.53537123090473,0.17865029044474692,12.1856043467504
1.15,0.25,RR,-15.701445804224921,0.3646956029317211,24.875617684483938
1.175,0.25,FL,32.5963375876793,0.17930705106167627,12.230401503298568
1.175,0.25,FR,15.4736460262757,0.3620596480874395,24.69582115166918
1.175,0.25,RL,-32.5963375876793,0.17930705106167627,12.230401503298568
1.175,0.25,RR,-15.4736460262757,0.3620596480874395,24.69582115166918
1.2000000000000002,0.25,FL,31.703089262238223,0.17998131172275764,12.2763923249315
1.2000000000000002,0.25,FR,15.25220688827586,0.35953897225397474,24.52388771502852
1.2000000000000002,0.25,RL,-31.703089262238223,0.17998131172275764,12.2763923249315
1.2000000000000002,0.25,RR,-15.25220688827586,0.35953897225397474,24.52388771502852
1.225,0.25,FL,30.852761359972344,0.18066884850371542,12.323288700894466
1.225,0.25,FR,15.036872001842442,0.3571262969921593,24.359320917602755
1.225,0.25,RL,-30.852761359972344,0.18066884850371542,12.323288700894466
1.225,0.25,RR,-15.036872001842442,0.3571262969921593,24.359320917602755
1.25,0.25,FL,30.04268187352293,0.18136603871728574,12.370843530365185
1.25,0.25,FR,14.827398230813197,0.3548149376787849,24.201664806180602
1.25,0.25,RL,-30.04268187352293,0.18136603871728574,12.370843530365185
1.25,0.25,RR,-14.827398230813197,0.3548149376787849,24.201664806180602
1.275,0.25,FL,29.270361244768843,0.18206977803950777,12.418845069699376
1.275,0.25,FR,14.62355486919835,0.3525987445575933,24.050499910430357
1.275,0.25,RL,-29.270361244768843,0.18206977803950777,12.418845069699376
1.275,0.25,RR,-14.62355486919835,0.3525987445575933,24.050499910430357
1.3,0.25,FL,28.533481588828003,0.18277740932879738,12.467112077232343
1.3,0.25,FR,14.425122877697211,0.3504720506460161,23.90543968965709
1.3,0.25,RL,-28.533481588828003,0.18277740932879738,12.467112077232343
1.3,0.25,RR,-14.425122877697211,0.3504720506460161,23.90543968965709
1.3250000000000002,0.25,FL,27.82988588350229,0.1834866614513989,12.515489640608253
1.3250000000000002,0.25,FR,14.231894174145616,0.3484296255876989,23.766127385117404
1.3250000000000002,0.25,RL,-27.82988588350229,0.1834866614513989,12.515489640608253
1.3250000000000002,0.25,RR,-14.231894174145616,0.3484296255876989,23.766127385117404
1.35,0.25,FL,27.157567342350386,0.18419559667008184,12.563845588201962
1.35,0.25,FR,14.043670973655301,0.34646663467606603,23.63223322504705
1.35,0.25,RL,-27.157567342350386,0.18419559667008184,12.563845588201962
1.35,0.25,RR,-14.043670973655301,0.34646663467606603,23.63223322504705
1.375,0.25,FL,26.514659123656976,0.1849025653626416,12.612067400501434
1.375,0.25,FR,13.860265174566802,0.3445786023872354,23.50345193726798
1.375,0.25,RL,-26.514659123656976,0.1849025653626416,12.612067400501434
1.375,0.25,RR,-13.860265174566802,0.3445786023872354,23.50345193726798
1.4,0.25,FL,25.899424477122235,0.18560616701686902,12.660059549603405
1.4,0.25,FR,13.681497786665135,0.3427613798554443,23.37950053071118
1.4,0.25,RL,-25.899424477122235,0.18560616701686902,12.660059549603405
1.4,0.25,RR,-13.681497786665135,0.3427613798554443,23.37950053071118
1.425,0.25,FL,25.310247391913357,0.18630521660290794,12.707741205496733
1.425,0.25,FR,13.507198398406636,0.341011115803983,23.260116312637134
1.425,0.25,RL,-25.310247391913357,0.18630521660290794,12.707741205496733
1.425,0.25,RR,-13.507198398406636,0.341011115803983,23.260116312637134
1.4500000000000002,0.25,FL,24.745623781173006,0.1869987155557508,12.755044256799874
1.4500000000000002,0.25,FR,13.337204680177415,0.33932423051206356,23.145055112935136
1.4500000000000002,0.25,RL,-24.745623781173006,0.1869987155557508,12.755044256799874
1.4500000000000002,0.25,RR,-13.337204680177415,0.33932423051206356,23.145055112935136
1.475,0.25,FL,24.204153217042126,0.187685826713101,12.801911601290964
1.475,0.25,FR,13.171361920852108,0.3376973924551596,23.034089690778163
1.475,0.25,RL,-24.204153217042126,0.187685826713101,12.801911601290964
1.475,0.25,RR,-13.171361920852108,0.3376973924551596,23.034089690778163
1.5,0.25,FL,23.684531215027253,0.18836585264968925,12.848295668107557
1.5,0.25,FR,13.009522595147756,0.3361274973048835,22.92700830221997
1.5,0.25,RL,-23.684531215027253,0.18836585264968925,12.848295668107557
1.5,0.25,RR,-13.009522595147756,0.3361274973048835,22.92700830221997
1.525,0.25,FL,23.185542055774693,0.18903821693075748,12.894157139060603
1.525,0.25,FR,12.851545959473693,0.3346116490158127,22.823613410141537
1.525,0.25,RL,-23.185542055774693,0.18903821693075748,12.894157139060603
1.525,0.25,RR,-12.851545959473693,0.3346116490158127,22.823613410141537
1.55,0.25,FL,22.706052124942975,0.1897024478769029,12.939463841246454
1.55,0.25,FR,12.697297674166572,0.333147142762007,22.723720520363468
1.55,0.25,RL,-22.706052124942975,0.1897024478769029,12.939463841246454
1.55,0.25,RR,-12.697297674166572,0.333147142762007,22.723720520363468
1.5750000000000002,0.25,FL,22.24500374705878,0.19035816449160184,12.984189787173658
1.5750000000000002,0.25,FR,12.546649450171168,0.33173144951622474,22.627157129805727
1.5750000000000002,0.25,RL,-22.24500374705878,0.19035816449160184,12.984189787173658
1.5750000000000002,0.25,RR,-12.546649450171168,0.33173144951622474,22.627157129805727
1.6,0.25,FL,21.80140948635181,0.19100506425305194,13.028314342053553
1.6,0.25,FR,12.399478718384128,0.33036220209084527,22.5337617743493
1.6,0.25,RL,-21.80140948635181,0.19100506425305194,13.028314342053553
1.6,0.25,RR,-12.399478718384128,0.33036220209084527,22.5337617743493
1.625,0.25,FL,21.37434688609105,0.19164291251481166,13.071821500825683
1.625,0.25,FR,12.255668320021009,0.3290371824818911,22.443383165581267
1.625,0.25,RL,-21.37434688609105,0.19164291251481166,13.071821500825683
1.625,0.25,RR,-12.255668320021009,0.3290371824818911,22.443383165581267
1.65,0.25,FL,20.96295361750189,0.1922715332961949,13.114699259977439
1.65,0.25,FR,12.11510621649758,0.3277543103768663,22.35587940692295
1.65,0.25,RL,-20.96295361750189,0.1922715332961949,13.114699259977439
1.65,0.25,RR,-12.11510621649758,0.3277543103768663,22.35587940692295
1.6750000000000003,0.25,FL,20.566423009637173,0.19289080127446856,13.15693907133777
1.6750000000000003,0.25,FR,11.977685217435667,0.32651163270384925,22.271117280781265
1.6750000000000003,0.25,RL,-20.566423009637173,0.19289080127446856,13.15693907133777
1.6750000000000003,0.25,RR,-11.977685217435667,0.32651163270384925,22.271117280781265
1.7000000000000002,0.25,FL,20.183999932380164,0.19350063481740956,13.198535366833044
1.7000000000000002,0.25,FR,11.843302725513256,0.32530731411377295,22.18897159935208
1.7000000000000002,0.25,RL,-20.183999932380164,0.19350063481740956,13.198535366833044
1.7000000000000002,0.25,RR,-11.843302725513256,0.32530731411377295,22.18897159935208
1.725,0.25,FL,19.814977005906073,0.19410098991739974,13.23948514473613
1.725,0.25,FR,11.711860496978325,0.3241396283004295,22.10932461256413
1.725,0.25,RL,-19.814977005906073,0.19410098991739974,13.23948514473613
1.725,0.25,RR,-11.711860496978325,0.3241396283004295,22.10932461256413
1.75,0.25,FL,19.458691111293348,0.19469185490756136,13.279787609257916
1.75,0.25,FR,11.583264416737455,0.3230069500737072,22.032065467400376
1.75,0.25,RL,-19.458691111293348,0.19469185490756136,13.279787609257916
1.75,0.25,RR,-11.583264416737455,0.3230069500737072,22.032065467400376
1.775,0.25,FL,19.11452017846412,0.19527324585695402,13.319443856457085
1.775,0.25,FR,11.457424287014065,0.3219077481111464,21.957089713487008
1.775,0.25,RL,-19.11452017846412,0.19527324585695402,13.319443856457085
1.775,0.25,RR,-11.457424287014065,0.3219077481111464,21.957089713487008
1.8000000000000003,0.25,FL,18.78188022917507,0.195845202555992,13.358456600408408
1.8000000000000003,0.25,FR,11.33425362864784,0.32084057832127605,21.884298850411486
1.8000000000000003,0.25,RL,-18.78188022917507,0.195845202555992,13.358456600408408
1.8000000000000003,0.25,RR,-11.33425362864784,0.32084057832127605,21.884298850411486
1.8250000000000002,0.25,FL,18.460222654327783,0.19640778501535244,13.396829934395841
1.8250000000000002,0.25,FR,11.213669494177465,0.31980407775952946,21.813599912731704
1.8250000000000002,0.25,RL,-18.460222654327783,0.19640778501535244,13.396829934395841
1.8250000000000002,0.25,RR,-11.213669494177465,0.31980407775952946,21.813599912731704
1.85,0.25,FL,18.14903170638495,0.1969610704120295,13.434569122605147
1.85,0.25,FR,11.095592291913224,0.31879695904398186,21.744905089077523
1.85,0.25,RL,-18.14903170638495,0.1969610704120295,13.434569122605147
1.85,0.25,RR,-11.095592291913224,0.31879695904398186,21.744905089077523
1.875,0.25,FL,17.84782218914387,0.19750515042510777,13.471680418398966
1.875,0.25,FR,10.9799456202655,0.31781800522381426,21.67813137213251
1.875,0.25,RL,-17.84782218914387,0.19750515042510777,13.471680418398966
1.875,0.25,RR,-10.9799456202655,0.31781800522381426,21.67813137213251
1.9,0.25,FL,17.556137328513817,0.1980401289114905,13.50817090577995
1.9,0.25,FR,10.866656111649526,0.3168660650584022,21.61320023662406
1.9,0.25,RL,-17.556137328513817,0.1980401289114905,13.50817090577995
1.9,0.25,RR,-10.866656111649526,0.3168660650584022,21.61320023662406
1.9250000000000003,0.25,FL,17.27354680926179,0.19856611987841455,13.544048361097515
1.9250000000000003,0.25,FR,10.755653285336935,0.31594004866933106,21.55003734275058
1.9250000000000003,0.25,RL,-17.27354680926179,0.19856611987841455,13.544048361097515
1.9250000000000003,0.25,RR,-10.755653285336935,0.31594004866933106,21.55003734275058
1.9500000000000002,0.25,FL,16.99964496392552,0.19908324571526187,13.579321132440993
1.9500000000000002,0.25,FR,10.646869408670595,0.3150389235315344,21.48857226274
1.9500000000000002,0.25,RL,-16.99964496392552,0.19908324571526187,13.579321132440993
1.9500000000000002,0.25,RR,-10.646869408670595,0.3150389235315344,21.48857226274
1.975,0.25,FL,16.73404910124278,0.19959163565207858,13.613998034496372
1.975,0.25,FR,10.540239366101634,0.31416171077319865,21.428738228468962
1.975,0.25,RL,-16.73404910124278,0.19959163565207858,13.613998034496372
1.975,0.25,RR,-10.540239366101634,0.31416171077319865,21.428738228468962
2.0,0.25,FL,16.47639796251228,0.2000914244164402,13.648088256932065
2.0,0.25,FR,10.43570053554652,0.313307481757139,21.370471898281068
2.0,0.25,RL,-16.47639796251228,0.2000914244164402,13.648088256932065
2.0,0.25,RR,-10.43570053554652,0.313307481757139,21.370471898281068
2.025,0.25,FL,16.22635029528608,0.20058275106395995,13.681601284628723
2.025,0.25,FR,10.333192671597983,0.31247535491906225,21.313713141327064
2.025,0.25,RL,-16.22635029528608,0.20058275106395995,13.681601284628723
2.025,0.25,RR,-10.333192671597983,0.31247535491906225,21.313713141327064
2.0500000000000003,0.25,FL,15.98358353470045,0.20106575796089757,13.714546828283765
2.0500000000000003,0.25,FR,10.232657795156724,0.311664492840556,21.258404837915617
2.0500000000000003,0.25,RL,-15.98358353470045,0.20106575796089757,13.714546828283765
2.0500000000000003,0.25,RR,-10.232657795156724,0.311664492840556,21.258404837915617
2.075,0.25,FL,15.747792583584824,0.20154058990006976,13.746934764108262
2.075,0.25,FR,10.134040089081283,0.3108740995367904,21.204492694509465
2.075,0.25,RL,-15.747792583584824,0.20154058990006976,13.746934764108262
2.075,0.25,RR,-10.134040089081283,0.3108740995367904,21.204492694509465
2.1,0.25,FL,15.518688683251856,0.20200739333363826,13.778775081495994
2.1,0.25,FR,10.037285799481689,0.31010341794084456,21.15192507213315
2.1,0.25,RL,-15.518688683251856,0.20200739333363826,13.778775081495994
2.1,0.25,RR,-10.037285799481689,0.31010341794084456,21.15192507213315
2.125,0.25,FL,15.29599836757059,0.20246631570841553,13.810077837685109
2.125,0.25,FR,9.942343142308536,0.3093517275682826,21.100652827075514
2.125,0.25,RL,-15.29599836757059,0.20246631570841553,13.810077837685109
2.125,0.25,RR,-9.942343142308536,0.3093517275682826,21.100652827075514
2.15,0.25,FL,15.079462493562863,0.20291750489112195,13.84085311855539
2.15,0.25,FR,9.849162214913047,0.30861834234714397,21.050629162874905
2.15,0.25,RL,-15.079462493562863,0.20291750489112195,13.84085311855539
2.15,0.25,RR,-9.849162214913047,0.30861834234714397,21.050629162874905
2.1750000000000003,0.25,FL,14.868835342346514,0.20336110867258844,13.871111004810237
2.1750000000000003,0.25,FR,9.75769491227604,0.3079026085998839,21.001809492668848
2.1750000000000003,0.25,RL,-14.868835342346514,0.20336110867258844,13.871111004810237
2.1750000000000003,0.25,RR,-9.75769491227604,0.3079026085998839,21.001809492668848
2.2,0.25,FL,14.663883784780671,0.2037972743412571,13.900861542885494
2.2,0.25,FR,9.667894847624101,0.3072039031650391,20.954151311074252
2.2,0.25,RL,-14.663883784780671,0.2037972743412571,13.900861542885494
2.2,0.25,RR,-9.667894847624101,0.3072039031650391,20.954151311074252
2.225,0.25,FL,14.464386506653387,0.2042261483175184,13.930114720007836
2.225,0.25,FR,9.579717277170381,0.3065216316474989,20.90761407483968
2.225,0.25,RL,-14.464386506653387,0.2042261483175184,13.930114720007836
2.225,0.25,RR,-9.579717277170381,0.3065216316474989,20.90761407483968
2.25,0.25,FL,14.270133288694142,0.2046478758414554,13.95888044289604
2.25,0.25,FR,9.493119028734966,0.30585522678726024,20.86215909157935
2.25,0.25,RL,-14.270133288694142,0.2046478758414554,13.95888044289604
2.25,0.25,RR,-9.493119028734966,0.30585522678726024,20.86215909157935
2.275,0.25,FL,14.08092433709618,0.2050626007074717,13.987168519660164
2.275,0.25,FR,9.408058434016061,0.30520414693744424,20.817749415959746
2.275,0.25,RL,-14.08092433709618,0.2050626007074717,13.987168519660164
2.275,0.25,RR,-9.408058434016061,0.30520414693744424,20.817749415959746
2.3000000000000003,0.25,FL,13.89656966060079,0.2054704650400654,14.014988644507232
2.3000000000000003,0.25,FR,9.324495264298386,0.3045678746431578,20.774349752764845
2.3000000000000003,0.25,RL,-13.89656966060079,0.2054704650400654,14.014988644507232
2.3000000000000003,0.25,RR,-9.324495264298386,0.3045678746431578,20.774349752764845
2.325,0.25,FL,13.716888490529756,0.2058716091057068,14.042350384909579
2.325,0.25,FR,9.242390669399125,0.3039459153135191,20.731926366315932
2.325,0.25,RL,-13.716888490529756,0.2058716091057068,14.042350384909579
2.325,0.25,RR,-9.242390669399125,0.3039459153135191,20.731926366315932
2.35,0.25,FL,13.541708740456649,0.20626617115637966,14.06926317093289
2.35,0.25,FR,9.16170711966474,0.3033377959798217,20.690446995766916
2.35,0.25,RL,-13.541708740456649,0.20626617115637966,14.06926317093289
2.35,0.25,RR,-9.16170711966474,0.3033377959798217,20.690446995766916
2.375,0.25,FL,13.370866502485073,0.20665428730087793,14.095736286457464
2.375,0.25,FR,9.082408350844176,0.3027430641334107,20.649880775836714
2.375,0.25,RL,-13.370866502485073,0.20665428730087793,14.095736286457464
2.375,0.25,RR,-9.082408350844176,0.3027430641334107,20.649880775836714
2.4,0.25,FL,13.20420557735475,0.2070360914004153,14.1217788620578
2.4,0.25,FR,9.004459311674937,0.30216128663738695,20.61019816257737
2.4,0.25,RL,-13.20420557735475,0.2070360914004153,14.1217788620578
2.4,0.25,RR,-9.004459311674937,0.30216128663738695,20.61019816257737
2.4250000000000003,0.25,FL,13.04157703582658,0.2074117149855138,14.147399869333656
2.4250000000000003,0.25,FR,8.9278261140292,0.30159204870674045,20.57137086380974
2.4250000000000003,0.25,RL,-13.04157703582658,0.2074117149855138,14.147399869333656
2.4250000000000003,0.25,RR,-8.9278261140292,0.30159204870674045,20.57137086380974
2.45,0.25,FL,12.882838809007984,0.20778128719149716,14.172608116510068
2.45,0.25,FR,8.852475985476516,0.30103495295196564,20.533371773889208
2.45,0.25,RL,-12.882838809007984,0.20778128719149716,14.172608116510068
2.45,0.25,RR,-8.852475985476516,0.30103495295196564,20.533371773889208
2.475,0.25,FL,12.727855305471346,0.20814493471023013,14.197412245145548
2.475,0.25,FR,8.778377224128977,0.30048961848160904,20.496174912491064
2.475,0.25,RL,-12.727855305471346,0.20814493471023013,14.197412245145548
2.475,0.25,RR,-8.778377224128977,0.30048961848160904,20.496174912491064
2.5,0.25,FL,12.576497053193043,0.20850278175602358,14.221820727806486
2.5,0.25,FR,8.705499155642748,0.29995568005957146,20.459755367130796
2.5,0.25,RL,-12.576497053193043,0.20850278175602358,14.221820727806486
2.5,0.25,RR,-8.705499155642748,0.29995568005957146,20.459755367130796
2.525,0.25,FL,12.428640364500199,0.20885495004387056,14.245841866582655
2.525,0.25,FR,8.633812092257998,0.29943278731331957,20.424089239156704
2.525,0.25,RL,-12.428640364500199,0.20885495004387056,14.245841866582655
2.525,0.25,RR,-8.633812092257998,0.29943278731331957,20.424089239156704
2.5500000000000003,0.25,FL,12.284167022357813,0.20920155877839317,14.26948379233327
2.5500000000000003,0.25,FR,8.56328729376629,0.298920603989466,20.389153592973614
2.5500000000000003,0.25,RL,-12.284167022357813,0.20920155877839317,14.26948379233327
2.5500000000000003,0.25,RR,-8.56328729376629,0.298920603989466,20.389153592973614
2.575,0.25,FL,12.14296398646203,0.20954272465207188,14.292754464566226
2.575,0.25,FR,8.493896930301405,0.29841880725345576,20.354926408275013
2.575,0.25,RL,-12.14296398646203,0.20954272465207188,14.292754464566226
2.575,0.25,RR,-8.493896930301405,0.29841880725345576,20.354926408275013
2.6,0.25,FL,12.004923117726866,0.20987856185149562,14.315661671864406
2.6,0.25,FR,8.425614046855744,0.2979270870303513,20.32138653507845
2.6,0.25,RL,-12.004923117726866,0.20987856185149562,14.315661671864406
2.6,0.25,RR,-8.425614046855744,0.2979270870303513,20.32138653507845
2.625,0.25,FL,11.869940919862968,0.2102091820705208,14.338213032783258
2.625,0.25,FR,8.358412529430579,0.29744514538393735,20.28851365137475
2.625,0.25,RL,-11.869940919862968,0.2102091820705208,14.338213032783258
2.625,0.25,RR,-8.358412529430579,0.29744514538393735,20.28851365137475
2.65,0.25,FL,11.737918296848639,0.21053469452935683,14.36041599715258
2.65,0.25,FR,8.292267072733635,0.2969726959315814,20.256288223216103
2.65,0.25,RL,-11.737918296848639,0.21053469452935683,14.36041599715258
2.65,0.25,RR,-8.292267072733635,0.2969726959315814,20.256288223216103
2.675,0.25,FL,11.608760325186468,0.21085520599871263,14.38227784772356
2.675,0.25,FR,8.227153149342866,0.29650946329247774,20.224691467081165
2.675,0.25,RL,-11.608760325186468,0.21085520599871263,14.38227784772356
2.675,0.25,RR,-8.227153149342866,0.29650946329247774,20.224691467081165
2.7,0.25,FL,11.482376039924286,0.2111708208282408,14.403805702108924
2.7,0.25,FR,8.163046980259926,0.29605518256708246,20.193705314367726
2.7,0.25,RL,-11.482376039924286,0.2111708208282408,14.403805702108924
2.7,0.25,RR,-8.163046980259926,0.29605518256708246,20.193705314367726
2.725,0.25,FL,11.35867823349716,0.21148164097860628,14.42500651497031
2.725,0.25,FR,8.09992550678141,0.2956095988457068,20.163312377874202
2.725,0.25,RL,-11.35867823349716,0.21148164097860628,14.42500651497031
2.725,0.25,RR,-8.09992550678141,0.2956095988457068,20.163312377874202
2.75,0.25,FL,11.237583266518914,0.2117877660565871,14.445887080412469
2.75,0.25,FR,8.03776636362006,0.2951724667443882,20.133495920141772
2.75,0.25,RL,-11.237583266518914,0.2117877660565871,14.445887080412469
2.75,0.25,RR,-8.03776636362006,0.2951724667443882,20.133495920141772
2.775,0.25,FL,11.1190108897173,0.21208929335268512,14.46645403454867
2.775,0.25,FR,7.976547853212143,0.294743549966294,20.104239823538023
2.775,0.25,RL,-11.1190108897173,0.21208929335268512,14.46645403454867
2.775,0.25,RR,-7.976547853212143,0.294743549966294,20.104239823538023
2.8,0.25,FL,11.00288407626737,0.21238631788078813,14.486713858206011
2.8,0.25,FR,7.916248921150783,0.2943226208870401,20.075528561971865
2.8,0.25,RL,-11.00288407626737,0.21238631788078813,14.486713858206011
2.8,0.25,RR,-7.916248921150783,0.2943226208870401,20.075528561971865
2.825,0.25,FL,10.889128863832877,0.21267893241947983,14.506672879743157
2.825,0.25,FR,7.856849132688545,0.2939094601624211,20.04734717413706
2.825,0.25,RL,-10.889128863832877,0.21267893241947983,14.506672879743157
2.825,0.25,RR,-7.856849132688545,0.2939094601624211,20.04734717413706
2.85,0.25,FL,10.777674205676567,0.2129672275546439,14.526337277956316
2.85,0.25,FR,7.7983286502557085,0.2935038563571559,20.01968123818927
2.85,0.25,RL,-10.777674205676567,0.2129672275546439,14.526337277956316
2.85,0.25,RR,-7.7983286502557085,0.2935038563571559,20.01968123818927
2.875,0.25,FL,10.668451830246939,0.21325129172305168,14.54571308505234
2.875,0.25,FR,7.7406682119438,0.2931056055933522,19.992516847768066
2.875,0.25,RL,-10.668451830246939,0.21325129172305168,14.54571308505234
2.875,0.25,RR,-7.7406682119438,0.2931056055933522,19.992516847768066
2.9,0.25,FL,10.561396108692213,0.21353121125666197,14.564806189670364
2.9,0.25,FR,7.683849110906623,0.2927145112174812,19.965840589281505
2.9,0.25,RL,-10.561396108692213,0.21353121125666197,14.564806189670364
2.9,0.25,RR,-7.683849110906623,0.2927145112174812,19.965840589281505
2.925,0.25,FL,10.45644392979179,0.21380707042739586,14.583622339935877
2.925,0.25,FR,7.627853175633866,0.29233038348474005,19.939639520376748
2.925,0.25,RL,-10.45644392979179,0.21380707042739586,14.583622339935877
2.925,0.25,RR,-7.627853175633866,0.29233038348474005,19.939639520376748
2.95,0.25,FL,10.353534581832108,0.21407895149217918,14.602167146533027
2.95,0.25,FR,7.572662751054667,0.2919530392597545,19.91390114952519
2.95,0.25,RL,-10.353534581832108,0.21407895149217918,14.602167146533027
2.95,0.25,RR,-7.572662751054667,0.2919530392597545,19.91390114952519
2.975,0.25,FL,10.252609640987297,0.21434693473807348,14.620446085782978
2.975,0.25,FR,7.518260680431001,0.2915823017326476,19.888613416655733
2.975,0.25,RL,-10.252609640987297,0.21434693473807348,14.620446085782978
2.975,0.25,RR,-7.518260680431001,0.2915823017326476,19.888613416655733
3.0,0.25,FL,10.153612865796259,0.21461109852733876,14.638464502717605
3.0,0.25,FR,7.464630288002868,0.2912180001495634,19.863764674773996
3.0,0.25,RL,-10.153612865796259,0.21461109852733876,14.638464502717605
3.0,0.25,RR,-7.464630288002868,0.2912180001495634,19.863764674773996
3.025,0.25,FL,10.056490097356239,0.21487151934229334,14.656227614139336
3.025,0.25,FR,7.411755362349359,0.2908599695567976,19.839343672509656
3.025,0.25,RL,-10.056490097356239,0.21487151934229334,14.656227614139336
3.025,0.25,RR,-7.411755362349359,0.2908599695567976,19.839343672509656
3.0500000000000003,0.25,FL,9.96118916487949,0.21512827182985472,14.673740511659279
3.0500000000000003,0.25,FR,7.3596201404315575,0.2905080505577436,19.815339537537916
3.0500000000000003,0.25,RL,-9.96118916487949,0.21512827182985472,14.673740511659279
3.0500000000000003,0.25,RR,-7.3596201404315575,0.2905080505577436,19.815339537537916
3.075,0.25,FL,9.867659796284029,0.2153814288456619,14.691008164706751
3.075,0.25,FR,7.308209292285166,0.29016208908191193,19.791741760824497
3.075,0.25,RL,-9.867659796284029,0.2153814288456619,14.691008164706751
3.075,0.25,RR,-7.308209292285166,0.29016208908191193,19.791741760824497
3.1,0.25,FL,9.775853533511944,0.21563106149769393,14.708035423504482
3.1,0.25,FR,7.25750790633232,0.2898219361653328,19.768540181647055
3.1,0.25,RL,-9.775853533511944,0.21563106149769393,14.708035423504482
3.1,0.25,RR,-7.25750790633232,0.2898219361653328,19.768540181647055
3.125,0.25,FL,9.685723652289763,0.21587723918931334,14.72482702200456
3.125,0.25,FR,7.20750147528379,0.289487447741694,19.745724973348857
3.125,0.25,RL,-9.685723652289763,0.21587723918931334,14.72482702200456
3.125,0.25,RR,-7.20750147528379,0.289487447741694,19.745724973348857
3.15,0.25,FL,9.597225086064439,0.2161200296616731,14.74138758078099
3.15,0.25,FR,7.158175882604197,0.2891584844436081,19.72328662978335
3.15,0.25,RL,-9.597225086064439,0.2161200296616731,14.74138758078099
3.15,0.25,RR,-7.158175882604197,0.2891584844436081,19.72328662978335
3.1750000000000003,0.25,FL,9.510314353866635,0.21635949903543789,14.75772160987547
3.1750000000000003,0.25,FR,7.109517389514349,0.28883491141344414,19.70121595241114
3.1750000000000003,0.25,RL,-9.510314353866635,0.21635949903543789,14.75772160987547
3.1750000000000003,0.25,RR,-7.109517389514349,0.28883491141344414,19.70121595241114
3.2,0.25,FL,9.424949491869294,0.21659571185177726,14.7738335115935
3.2,0.25,FR,7.061512622506139,0.28851659812318964,19.679504038012922
3.2,0.25,RL,-9.424949491869294,0.21659571185177726,14.7738335115935
3.2,0.25,RR,-7.061512622506139,0.28851659812318964,19.679504038012922
3.225,0.25,FL,9.341089988424995,0.2168287311125979,14.789727583248597
3.225,0.25,FR,7.01414856134669,0.28820341820284895,19.65814226698463
3.225,0.25,RL,-9.341089988424995,0.2168287311125979,14.789727583248597
3.225,0.25,RR,-7.01414856134669,0.28820341820284895,19.65814226698463
3.25,0.25,FL,9.25869672237972,0.21705861831998804,14.805408019852768
3.25,0.25,FR,6.967412527549672,0.28789524927690807,19.637122292182855
3.25,0.25,RL,-9.25869672237972,0.21705861831998804,14.805408019852768
3.25,0.25,RR,-6.967412527549672,0.28789524927690807,19.637122292182855
3.275,0.25,FL,9.177731904473838,0.21728543351485366,14.820878916751859
3.275,0.25,FR,6.921292173292796,0.28759197280843,19.61643602829068
3.275,0.25,RL,-9.177731904473838,0.21728543351485366,14.820878916751859
3.275,0.25,RR,-6.921292173292796,0.28759197280843,19.61643602829068
3.3000000000000003,0.25,FL,9.098159021653458,0.21750923531473157,14.83614427220476
3.3000000000000003,0.25,FR,6.875775470761586,0.28729347395037014,19.59607564167603
3.3000000000000003,0.25,RL,-9.098159021653458,0.21750923531473157,14.83614427220476
3.3000000000000003,0.25,RR,-6.875775470761586,0.28729347395037014,19.59607564167603
3.325,0.25,FL,9.019942784126494,0.2177300809507685,14.85120798990571
3.325,0.25,FR,6.830850701900525,0.28699964140372336,19.576033540715983
3.325,0.25,RL,-9.019942784126494,0.2177300809507685,14.85120798990571
3.325,0.25,RR,-6.830850701900525,0.28699964140372336,19.576033540715983
3.35,0.25,FL,8.943049075008501,0.21794802630386054,14.866073881449354
3.35,0.25,FR,6.786506448553601,0.2867103672821436,19.556302366562562
3.35,0.25,RL,-8.943049075008501,0.21794802630386054,14.866073881449354
3.35,0.25,RR,-6.786506448553601,0.2867103672821436,19.556302366562562
3.375,0.25,FL,8.867444902413121,0.2181631259399495,14.880745668738282
3.375,0.25,FR,6.742731582977203,0.2864255469826927,19.53687498432662
3.375,0.25,RL,-8.867444902413121,0.2181631259399495,14.880745668738282
3.375,0.25,RR,-6.742731582977203,0.2864255469826927,19.53687498432662
3.4,0.25,FL,8.793098353851068,0.2183754331444773,14.89522698633312
3.4,0.25,FR,6.699515258709159,0.2861450790623985,19.517744474657967
3.4,0.25,RL,-8.793098353851068,0.2183754331444773,14.89522698633312
3.4,0.25,RR,-6.699515258709159,0.2861450790623985,19.517744474657967
3.4250000000000003,0.25,FL,8.719978552810083,0.2185849999560007,14.909521383745385
3.4250000000000003,0.25,FR,6.656846901778431,0.28586886512032206,19.498904125701237
3.4250000000000003,0.25,RL,-8.719978552810083,0.2185849999560007,14.909521383745385
3.4250000000000003,0.25,RR,-6.656846901778431,0.28586886512032206,19.498904125701237
3.45,0.25,FL,8.648055617396286,0.21879187719897272,14.923632327673483
3.45,0.25,FR,6.614716202240912,0.2855968096848482,19.48034742540809
3.45,0.25,RL,-8.648055617396286,0.21879187719897272,14.923632327673483
3.45,0.25,RR,-6.614716202240912,0.2855968096848482,19.48034742540809
3.475,0.25,FL,8.577300620924605,0.2189961145156973,14.937563204182283
3.475,0.25,FR,6.573113106027233,0.28532882010593386,19.462068054187515
3.475,0.25,RL,-8.577300620924605,0.2189961145156973,14.937563204182283
3.475,0.25,RR,-6.573113106027233,0.28532882010593386,19.462068054187515
3.5,0.25,FL,8.507685554352912,0.21919776039746688,14.951317320827036
3.5,0.25,FR,6.532027807089438,0.285064806452061,19.44405987787711
3.5,0.25,RL,-8.507685554352912,0.21919776039746688,14.951317320827036
3.5,0.25,RR,-6.532027807089438,0.285064806452061,19.44405987787711
3.525,0.25,FL,8.43918329046088,0.21939686221489346,14.964897908722188
3.525,0.25,FR,6.49145073983378,0.2848046814116585,19.426316941019092
3.525,0.25,RL,-8.43918329046088,0.21939686221489346,14.964897908722188
3.525,0.25,RR,-6.49145073983378,0.2848046814116585,19.426316941019092
3.5500000000000003,0.25,FL,8.3717675496805,0.21959346624744494,14.978308124556058
3.5500000000000003,0.25,FR,6.451372571827661,0.2845483601987669,19.4088334604258
3.5500000000000003,0.25,RL,-8.3717675496805,0.21959346624744494,14.978308124556058
3.5500000000000003,0.25,RR,-6.451372571827661,0.2845483601987669,19.4088334604258
3.575,0.25,FL,8.305412867490906,0.21978761771219937,14.991551052552145
3.575,0.25,FR,6.411784196769243,0.28429576046273786,19.39160381902035
3.575,0.25,RL,-8.305412867490906,0.21978761771219937,14.991551052552145
3.575,0.25,RR,-6.411784196769243,0.28429576046273786,19.39160381902035
3.6,0.25,FL,8.24009456329513,0.2199793607918314,15.004629706378045
3.6,0.25,FR,6.3726767277087895,0.28404680220176637,19.3746225599387
3.6,0.25,RL,-8.24009456329513,0.2199793607918314,15.004629706378045
3.6,0.25,RR,-6.3726767277087895,0.28404680220176637,19.3746225599387
3.625,0.25,FL,8.175788710701557,0.22016873866184475,15.017547031002975
3.625,0.25,FR,6.334041490511345,0.28380140768006956,19.357884380880538
3.625,0.25,RL,-8.175788710701557,0.22016873866184475,15.017547031002975
3.625,0.25,RR,-6.334041490511345,0.28380140768006956,19.357884380880538
3.65,0.25,FL,8.112472109137146,0.22035579351706625,15.030305904504909
3.65,0.25,FR,6.295870017550853,0.2835595013485337,19.34138412869661
3.65,0.25,RL,-8.112472109137146,0.22035579351706625,15.030305904504909
3.65,0.25,RR,-6.295870017550853,0.2835595013485337,19.34138412869661
3.6750000000000003,0.25,FL,8.050122256723892,0.22054056659741636,15.042909139828351
3.6750000000000003,0.25,FR,6.25815404162619,0.2833210097686614,19.32511679420127
3.6750000000000003,0.25,RL,-8.050122256723892,0.22054056659741636,15.042909139828351
3.6750000000000003,0.25,RR,-6.25815404162619,0.2833210097686614,19.32511679420127
3.7,0.25,FL,7.988717324353882,0.22072309821297226,15.055359486493895
3.7,0.25,FR,6.220885490090167,0.2830858615396613,19.309077507199266
3.7,0.25,RL,-7.988717324353882,0.22072309821297226,15.055359486493895
3.7,0.25,RR,-6.220885490090167,0.2830858615396613,19.309077507199266
3.725,0.25,FL,7.92823613090209,0.2209034277683391,15.067659632260552
3.725,0.25,FR,6.18405647918284,0.2828539872285292,19.29326153171668
3.725,0.25,RL,-7.92823613090209,0.2209034277683391,15.067659632260552
3.725,0.25,RR,-6.18405647918284,0.2828539872285292,19.29326153171668
3.75,0.25,FL,7.868658119519484,0.22108159378634645,15.079812204742067
3.75,0.25,FR,6.147659308560931,0.2826253193029795,19.277664261426192
3.75,0.25,RL,-7.868658119519484,0.22108159378634645,15.079812204742067
3.75,0.25,RR,-6.147659308560931,0.2826253193029795,19.277664261426192
3.775,0.25,FL,7.809963334952304,0.22125763393108475,15.09181977297823
3.775,0.25,FR,6.111686456015537,0.28239979206709215,19.262281215257627
3.775,0.25,RL,-7.809963334952304,0.22125763393108475,15.09181977297823
3.775,0.25,RR,-6.111686456015537,0.28239979206709215,19.262281215257627
3.8000000000000003,0.25,FL,7.752132401836437,0.22143158503029886,15.103684848962311
3.8000000000000003,0.25,FR,6.076130572370601,0.28217734159954866,19.24710803318506
3.8000000000000003,0.25,RL,-7.752132401836437,0.22143158503029886,15.103684848962311
3.8000000000000003,0.25,RR,-6.076130572370601,0.28217734159954866,19.24710803318506
3.825,0.25,FL,7.695146503918642,0.2216034830971552,15.115409889125797
3.825,0.25,FR,6.0409844765550424,0.2819579056943363,19.23214047218232
3.825,0.25,RL,-7.695146503918642,0.2216034830971552,15.115409889125797
3.825,0.25,RR,-6.0409844765550424,0.2819579056943363,19.23214047218232
3.85,0.25,FL,7.638987364159108,0.22177336335139738,15.126997295781374
3.85,0.25,FR,6.006241150841678,0.28174142380380657,19.21737440233903
3.85,0.25,RL,-7.638987364159108,0.22177336335139738,15.126997295781374
3.85,0.25,RR,-6.006241150841678,0.28174142380380657,19.21737440233903
3.875,0.25,FL,7.583637225672327,0.2219412602399073,15.138449418525417
3.875,0.25,FR,5.971893736246449,0.28152783698397976,19.202805803129866
3.875,0.25,RL,-7.583637225672327,0.2219412602399073,15.138449418525417
3.875,0.25,RR,-5.971893736246449,0.28152783698397976,19.202805803129866
3.9,0.25,FL,7.5290788334656185,0.2221072074566869,15.14976855560091
3.9,0.25,FR,5.937935528081672,0.28131708784199383,19.188430759830105
3.9,0.25,RL,-7.5290788334656185,0.2221072074566869,15.14976855560091
3.9,0.25,RR,-5.937935528081672,0.28131708784199383,19.188430759830105
3.9250000000000003,0.25,FL,7.475295416936898,0.22227123796227657,15.160956955221964
3.9250000000000003,0.25,FR,5.904359971657388,0.2811091204855997,19.17424546007073
3.9250000000000003,0.25,RL,-7.475295416936898,0.22227123796227657,15.160956955221964
3.9250000000000003,0.25,RR,-5.904359971657388,0.2811091204855997,19.17424546007073
3.95,0.25,FL,7.4222706730953485,0.22243338400262483,15.172016816860909
3.95,0.25,FR,5.871160658125098,0.2809038804746111,19.160246190526845
3.95,0.25,RL,-7.4222706730953485,0.22243338400262483,15.172016816860909
3.95,0.25,RR,-5.871160658125098,0.2809038804746111,19.160246190526845
3.975,0.25,FL,7.3699887504705925,0.2225936771274254,15.182950292499047
3.975,0.25,FR,5.838331320458444,0.2807013147742212,19.146429333733447
3.975,0.25,RL,-7.3699887504705925,0.2225936771274254,15.182950292499047
3.975,0.25,RR,-5.838331320458444,0.2807013147742212,19.146429333733447
4.0,0.25,FL,7.318434233677848,0.22275214820793537,15.193759487842025
4.0,0.25,FR,5.805865829565577,0.28050137171010414,19.132791365022943
4.0,0.25,RL,-7.318434233677848,0.22275214820793537,15.193759487842025
4.0,0.25,RR,-5.805865829565577,0.28050137171010414,19.132791365022943
