assumed_tau_s,speed_m_s,distance_to_90pct_m,minimum_dwell_90pct_s,minimum_dwell_95pct_s
5.0,0.025,0.28782313662425574,11.51292546497023,14.978661367769954
5.0,0.03,0.34538776394910686,11.51292546497023,14.978661367769954
5.0,0.035,0.40295239127395804,11.51292546497023,14.978661367769954
5.0,0.04,0.4605170185988092,11.51292546497023,14.978661367769954
5.0,0.045,0.5180816459236602,11.51292546497023,14.978661367769954
5.0,0.049999999999999996,0.5756462732485114,11.51292546497023,14.978661367769954
5.0,0.05499999999999999,0.6332109005733626,11.51292546497023,14.978661367769954
5.0,0.06,0.6907755278982137,11.51292546497023,14.978661367769954
5.0,0.065,0.748340155223065,11.51292546497023,14.978661367769954
5.0,0.06999999999999999,0.805904782547916,11.51292546497023,14.978661367769954
5.0,0.07499999999999998,0.863469409872767,11.51292546497023,14.978661367769954
5.0,0.07999999999999999,0.9210340371976181,11.51292546497023,14.978661367769954
5.0,0.08499999999999999,0.9785986645224694,11.51292546497023,14.978661367769954
5.0,0.09,1.0361632918473205,11.51292546497023,14.978661367769954
5.0,0.095,1.0937279191721718,11.51292546497023,14.978661367769954
5.0,0.09999999999999998,1.1512925464970227,11.51292546497023,14.978661367769954
5.0,0.10499999999999998,1.2088571738218739,11.51292546497023,14.978661367769954
5.0,0.10999999999999999,1.2664218011467252,11.51292546497023,14.978661367769954
5.0,0.11499999999999999,1.3239864284715763,11.51292546497023,14.978661367769954
5.0,0.12,1.3815510557964275,11.51292546497023,14.978661367769954
5.0,0.12499999999999997,1.4391156831212784,11.51292546497023,14.978661367769954
5.0,0.12999999999999998,1.4966803104461297,11.51292546497023,14.978661367769954
5.0,0.13499999999999998,1.5542449377709808,11.51292546497023,14.978661367769954
5.0,0.13999999999999999,1.611809565095832,11.51292546497023,14.978661367769954
5.0,0.145,1.6693741924206833,11.51292546497023,14.978661367769954
5.0,0.15,1.7269388197455344,11.51292546497023,14.978661367769954
5.0,0.15499999999999997,1.7845034470703853,11.51292546497023,14.978661367769954
5.0,0.15999999999999998,1.8420680743952362,11.51292546497023,14.978661367769954
5.0,0.16499999999999998,1.8996327017200878,11.51292546497023,14.978661367769954
5.0,0.16999999999999998,1.9571973290449387,11.51292546497023,14.978661367769954
5.0,0.17499999999999996,2.0147619563697896,11.51292546497023,14.978661367769954
5.0,0.17999999999999997,2.072326583694641,11.51292546497023,14.978661367769954
5.0,0.18499999999999997,2.129891211019492,11.51292546497023,14.978661367769954
5.0,0.18999999999999997,2.187455838344343,11.51292546497023,14.978661367769954
5.0,0.19499999999999998,2.2450204656691946,11.51292546497023,14.978661367769954
5.0,0.19999999999999996,2.3025850929940455,11.51292546497023,14.978661367769954
5.0,0.20499999999999996,2.360149720318897,11.51292546497023,14.978661367769954
5.0,0.20999999999999996,2.4177143476437477,11.51292546497023,14.978661367769954
5.0,0.21499999999999997,2.4752789749685986,11.51292546497023,14.978661367769954
5.0,0.21999999999999997,2.5328436022934504,11.51292546497023,14.978661367769954
5.0,0.22499999999999995,2.5904082296183013,11.51292546497023,14.978661367769954
5.0,0.22999999999999995,2.647972856943152,11.51292546497023,14.978661367769954
5.0,0.23499999999999996,2.7055374842680036,11.51292546497023,14.978661367769954
5.0,0.23999999999999996,2.7631021115928545,11.51292546497023,14.978661367769954
5.0,0.24499999999999997,2.820666738917706,11.51292546497023,14.978661367769954
5.0,0.24999999999999997,2.8782313662425567,11.51292546497023,14.978661367769954
5.0,0.25499999999999995,2.9357959935674076,11.51292546497023,14.978661367769954
5.0,0.25999999999999995,2.9933606208922594,11.51292546497023,14.978661367769954
5.0,0.26499999999999996,3.0509252482171103,11.51292546497023,14.978661367769954
5.0,0.26999999999999996,3.1084898755419617,11.51292546497023,14.978661367769954
5.0,0.27499999999999997,3.1660545028668126,11.51292546497023,14.978661367769954
5.0,0.27999999999999997,3.223619130191664,11.51292546497023,14.978661367769954
5.0,0.285,3.281183757516515,11.51292546497023,14.978661367769954
5.0,0.29,3.3387483848413666,11.51292546497023,14.978661367769954
5.0,0.295,3.3963130121662175,11.51292546497023,14.978661367769954
5.0,0.3,3.453877639491069,11.51292546497023,14.978661367769954
5.0,0.305,3.5114422668159198,11.51292546497023,14.978661367769954
5.0,0.31,3.569006894140771,11.51292546497023,14.978661367769954
5.0,0.315,3.626571521465622,11.51292546497023,14.978661367769954
5.0,0.31999999999999995,3.6841361487904725,11.51292546497023,14.978661367769954
5.0,0.32499999999999996,3.7417007761153243,11.51292546497023,14.978661367769954
5.0,0.32999999999999996,3.7992654034401756,11.51292546497023,14.978661367769954
5.0,0.33499999999999996,3.8568300307650265,11.51292546497023,14.978661367769954
5.0,0.33999999999999997,3.9143946580898774,11.51292546497023,14.978661367769954
5.0,0.345,3.9719592854147288,11.51292546497023,14.978661367769954
5.0,0.35,4.02952391273958,11.51292546497023,14.978661367769954
5.0,0.355,4.087088540064431,11.51292546497023,14.978661367769954
5.0,0.36,4.144653167389282,11.51292546497023,14.978661367769954
5.0,0.365,4.202217794714134,11.51292546497023,14.978661367769954
5.0,0.37,4.2597824220389855,11.51292546497023,14.978661367769954
5.0,0.37499999999999994,4.3173470493638355,11.51292546497023,14.978661367769954
5.0,0.37999999999999995,4.374911676688686,11.51292546497023,14.978661367769954
5.0,0.38499999999999995,4.432476304013538,11.51292546497023,14.978661367769954
5.0,0.38999999999999996,4.490040931338389,11.51292546497023,14.978661367769954
5.0,0.39499999999999996,4.54760555866324,11.51292546497023,14.978661367769954
5.0,0.39999999999999997,4.605170185988091,11.51292546497023,14.978661367769954
5.0,0.40499999999999997,4.662734813312943,11.51292546497023,14.978661367769954
5.0,0.41,4.720299440637794,11.51292546497023,14.978661367769954
5.0,0.415,4.7778640679626445,11.51292546497023,14.978661367769954
5.0,0.42,4.835428695287496,11.51292546497023,14.978661367769954
5.0,0.42499999999999993,4.892993322612346,11.51292546497023,14.978661367769954
5.0,0.42999999999999994,4.950557949937197,11.51292546497023,14.978661367769954
5.0,0.43499999999999994,5.008122577262049,11.51292546497023,14.978661367769954
5.0,0.43999999999999995,5.065687204586901,11.51292546497023,14.978661367769954
5.0,0.44499999999999995,5.123251831911752,11.51292546497023,14.978661367769954
5.0,0.44999999999999996,5.1808164592366035,11.51292546497023,14.978661367769954
5.0,0.45499999999999996,5.238381086561454,11.51292546497023,14.978661367769954
5.0,0.45999999999999996,5.295945713886305,11.51292546497023,14.978661367769954
5.0,0.46499999999999997,5.353510341211156,11.51292546497023,14.978661367769954
5.0,0.47,5.411074968536007,11.51292546497023,14.978661367769954
5.0,0.475,5.468639595860859,11.51292546497023,14.978661367769954
5.0,0.4799999999999999,5.526204223185709,11.51292546497023,14.978661367769954
5.0,0.48499999999999993,5.583768850510561,11.51292546497023,14.978661367769954
5.0,0.48999999999999994,5.641333477835412,11.51292546497023,14.978661367769954
5.0,0.49499999999999994,5.6988981051602625,11.51292546497023,14.978661367769954
5.0,0.49999999999999994,5.756462732485113,11.51292546497023,14.978661367769954
5.0,0.5049999999999999,5.814027359809964,11.51292546497023,14.978661367769954
5.0,0.5099999999999999,5.871591987134815,11.51292546497023,14.978661367769954
5.0,0.5149999999999999,5.929156614459666,11.51292546497023,14.978661367769954
5.0,0.5199999999999999,5.986721241784519,11.51292546497023,14.978661367769954
5.0,0.5249999999999999,6.04428586910937,11.51292546497023,14.978661367769954
5.0,0.5299999999999999,6.101850496434221,11.51292546497023,14.978661367769954
5.0,0.5349999999999999,6.159415123759072,11.51292546497023,14.978661367769954
5.0,0.5399999999999999,6.216979751083923,11.51292546497023,14.978661367769954
5.0,0.5449999999999999,6.274544378408774,11.51292546497023,14.978661367769954
5.0,0.5499999999999999,6.332109005733625,11.51292546497023,14.978661367769954
5.0,0.5549999999999999,6.389673633058476,11.51292546497023,14.978661367769954
5.0,0.5599999999999999,6.447238260383328,11.51292546497023,14.978661367769954
5.0,0.565,6.504802887708179,11.51292546497023,14.978661367769954
5.0,0.57,6.56236751503303,11.51292546497023,14.978661367769954
5.0,0.575,6.619932142357882,11.51292546497023,14.978661367769954
5.0,0.58,6.677496769682733,11.51292546497023,14.978661367769954
5.0,0.585,6.735061397007584,11.51292546497023,14.978661367769954
5.0,0.59,6.792626024332435,11.51292546497023,14.978661367769954
5.0,0.595,6.850190651657286,11.51292546497023,14.978661367769954
5.0,0.6,6.907755278982138,11.51292546497023,14.978661367769954
15.0,0.025,0.8634694098727672,34.53877639491069,44.93598410330986
15.0,0.03,1.0361632918473205,34.53877639491069,44.93598410330986
15.0,0.035,1.208857173821874,34.53877639491069,44.93598410330986
15.0,0.04,1.3815510557964275,34.53877639491069,44.93598410330986
15.0,0.045,1.5542449377709808,34.53877639491069,44.93598410330986
15.0,0.049999999999999996,1.7269388197455342,34.53877639491069,44.93598410330986
15.0,0.05499999999999999,1.8996327017200878,34.53877639491069,44.93598410330986
15.0,0.06,2.072326583694641,34.53877639491069,44.93598410330986
15.0,0.065,2.245020465669195,34.53877639491069,44.93598410330986
15.0,0.06999999999999999,2.4177143476437477,34.53877639491069,44.93598410330986
15.0,0.07499999999999998,2.5904082296183013,34.53877639491069,44.93598410330986
15.0,0.07999999999999999,2.7631021115928545,34.53877639491069,44.93598410330986
15.0,0.08499999999999999,2.9357959935674085,34.53877639491069,44.93598410330986
15.0,0.09,3.1084898755419617,34.53877639491069,44.93598410330986
15.0,0.095,3.2811837575165157,34.53877639491069,44.93598410330986
15.0,0.09999999999999998,3.453877639491068,34.53877639491069,44.93598410330986
15.0,0.10499999999999998,3.6265715214656216,34.53877639491069,44.93598410330986
15.0,0.10999999999999999,3.7992654034401756,34.53877639491069,44.93598410330986
15.0,0.11499999999999999,3.9719592854147288,34.53877639491069,44.93598410330986
15.0,0.12,4.144653167389282,34.53877639491069,44.93598410330986
15.0,0.12499999999999997,4.317347049363835,34.53877639491069,44.93598410330986
15.0,0.12999999999999998,4.490040931338389,34.53877639491069,44.93598410330986
15.0,0.13499999999999998,4.662734813312943,34.53877639491069,44.93598410330986
15.0,0.13999999999999999,4.835428695287495,34.53877639491069,44.93598410330986
15.0,0.145,5.008122577262049,34.53877639491069,44.93598410330986
15.0,0.15,5.1808164592366035,34.53877639491069,44.93598410330986
15.0,0.15499999999999997,5.353510341211156,34.53877639491069,44.93598410330986
15.0,0.15999999999999998,5.526204223185709,34.53877639491069,44.93598410330986
15.0,0.16499999999999998,5.6988981051602625,34.53877639491069,44.93598410330986
15.0,0.16999999999999998,5.871591987134817,34.53877639491069,44.93598410330986
15.0,0.17499999999999996,6.04428586910937,34.53877639491069,44.93598410330986
15.0,0.17999999999999997,6.216979751083922,34.53877639491069,44.93598410330986
15.0,0.18499999999999997,6.389673633058476,34.53877639491069,44.93598410330986
15.0,0.18999999999999997,6.56236751503303,34.53877639491069,44.93598410330986
15.0,0.19499999999999998,6.735061397007584,34.53877639491069,44.93598410330986
15.0,0.19999999999999996,6.907755278982136,34.53877639491069,44.93598410330986
15.0,0.20499999999999996,7.0804491609566895,34.53877639491069,44.93598410330986
15.0,0.20999999999999996,7.253143042931243,34.53877639491069,44.93598410330986
15.0,0.21499999999999997,7.425836924905798,34.53877639491069,44.93598410330986
15.0,0.21999999999999997,7.598530806880351,34.53877639491069,44.93598410330986
15.0,0.22499999999999995,7.771224688854903,34.53877639491069,44.93598410330986
15.0,0.22999999999999995,7.943918570829457,34.53877639491069,44.93598410330986
15.0,0.23499999999999996,8.116612452804011,34.53877639491069,44.93598410330986
15.0,0.23999999999999996,8.289306334778564,34.53877639491069,44.93598410330986
15.0,0.24499999999999997,8.462000216753117,34.53877639491069,44.93598410330986
15.0,0.24999999999999997,8.634694098727671,34.53877639491069,44.93598410330986
15.0,0.25499999999999995,8.807387980702224,34.53877639491069,44.93598410330986
15.0,0.25999999999999995,8.980081862676778,34.53877639491069,44.93598410330986
15.0,0.26499999999999996,9.152775744651331,34.53877639491069,44.93598410330986
15.0,0.26999999999999996,9.325469626625885,34.53877639491069,44.93598410330986
15.0,0.27499999999999997,9.498163508600438,34.53877639491069,44.93598410330986
15.0,0.27999999999999997,9.67085739057499,34.53877639491069,44.93598410330986
15.0,0.285,9.843551272549545,34.53877639491069,44.93598410330986
15.0,0.29,10.016245154524098,34.53877639491069,44.93598410330986
15.0,0.295,10.188939036498653,34.53877639491069,44.93598410330986
15.0,0.3,10.361632918473207,34.53877639491069,44.93598410330986
15.0,0.305,10.53432680044776,34.53877639491069,44.93598410330986
15.0,0.31,10.707020682422314,34.53877639491069,44.93598410330986
15.0,0.315,10.879714564396867,34.53877639491069,44.93598410330986
15.0,0.31999999999999995,11.052408446371418,34.53877639491069,44.93598410330986
15.0,0.32499999999999996,11.225102328345972,34.53877639491069,44.93598410330986
15.0,0.32999999999999996,11.397796210320525,34.53877639491069,44.93598410330986
15.0,0.33499999999999996,11.57049009229508,34.53877639491069,44.93598410330986
15.0,0.33999999999999997,11.743183974269634,34.53877639491069,44.93598410330986
15.0,0.345,11.915877856244187,34.53877639491069,44.93598410330986
15.0,0.35,12.088571738218741,34.53877639491069,44.93598410330986
15.0,0.355,12.261265620193292,34.53877639491069,44.93598410330986
15.0,0.36,12.433959502167847,34.53877639491069,44.93598410330986
15.0,0.365,12.606653384142401,34.53877639491069,44.93598410330986
15.0,0.37,12.779347266116954,34.53877639491069,44.93598410330986
15.0,0.37499999999999994,12.952041148091507,34.53877639491069,44.93598410330986
15.0,0.37999999999999995,13.12473503006606,34.53877639491069,44.93598410330986
15.0,0.38499999999999995,13.297428912040614,34.53877639491069,44.93598410330986
15.0,0.38999999999999996,13.470122794015168,34.53877639491069,44.93598410330986
15.0,0.39499999999999996,13.642816675989721,34.53877639491069,44.93598410330986
15.0,0.39999999999999997,13.815510557964274,34.53877639491069,44.93598410330986
15.0,0.40499999999999997,13.988204439938826,34.53877639491069,44.93598410330986
15.0,0.41,14.16089832191338,34.53877639491069,44.93598410330986
15.0,0.415,14.333592203887935,34.53877639491069,44.93598410330986
15.0,0.42,14.506286085862488,34.53877639491069,44.93598410330986
15.0,0.42499999999999993,14.67897996783704,34.53877639491069,44.93598410330986
15.0,0.42999999999999994,14.851673849811595,34.53877639491069,44.93598410330986
15.0,0.43499999999999994,15.024367731786148,34.53877639491069,44.93598410330986
15.0,0.43999999999999995,15.197061613760702,34.53877639491069,44.93598410330986
15.0,0.44499999999999995,15.369755495735253,34.53877639491069,44.93598410330986
15.0,0.44999999999999996,15.542449377709808,34.53877639491069,44.93598410330986
15.0,0.45499999999999996,15.715143259684362,34.53877639491069,44.93598410330986
15.0,0.45999999999999996,15.887837141658915,34.53877639491069,44.93598410330986
15.0,0.46499999999999997,16.06053102363347,34.53877639491069,44.93598410330986
15.0,0.47,16.233224905608022,34.53877639491069,44.93598410330986
15.0,0.475,16.40591878758258,34.53877639491069,44.93598410330986
15.0,0.4799999999999999,16.578612669557128,34.53877639491069,44.93598410330986
15.0,0.48499999999999993,16.75130655153168,34.53877639491069,44.93598410330986
15.0,0.48999999999999994,16.924000433506233,34.53877639491069,44.93598410330986
15.0,0.49499999999999994,17.09669431548079,34.53877639491069,44.93598410330986
15.0,0.49999999999999994,17.269388197455342,34.53877639491069,44.93598410330986
15.0,0.5049999999999999,17.442082079429895,34.53877639491069,44.93598410330986
15.0,0.5099999999999999,17.614775961404447,34.53877639491069,44.93598410330986
15.0,0.5149999999999999,17.787469843379,34.53877639491069,44.93598410330986
15.0,0.5199999999999999,17.960163725353556,34.53877639491069,44.93598410330986
15.0,0.5249999999999999,18.13285760732811,34.53877639491069,44.93598410330986
15.0,0.5299999999999999,18.305551489302662,34.53877639491069,44.93598410330986
15.0,0.5349999999999999,18.478245371277215,34.53877639491069,44.93598410330986
15.0,0.5399999999999999,18.65093925325177,34.53877639491069,44.93598410330986
15.0,0.5449999999999999,18.823633135226324,34.53877639491069,44.93598410330986
15.0,0.5499999999999999,18.996327017200876,34.53877639491069,44.93598410330986
15.0,0.5549999999999999,19.16902089917543,34.53877639491069,44.93598410330986
15.0,0.5599999999999999,19.34171478114998,34.53877639491069,44.93598410330986
15.0,0.565,19.514408663124538,34.53877639491069,44.93598410330986
15.0,0.57,19.68710254509909,34.53877639491069,44.93598410330986
15.0,0.575,19.859796427073647,34.53877639491069,44.93598410330986
15.0,0.58,20.032490309048196,34.53877639491069,44.93598410330986
15.0,0.585,20.20518419102275,34.53877639491069,44.93598410330986
15.0,0.59,20.377878072997305,34.53877639491069,44.93598410330986
15.0,0.595,20.550571954971858,34.53877639491069,44.93598410330986
15.0,0.6,20.723265836946414,34.53877639491069,44.93598410330986
30.0,0.025,1.7269388197455344,69.07755278982138,89.87196820661973
30.0,0.03,2.072326583694641,69.07755278982138,89.87196820661973
30.0,0.035,2.417714347643748,69.07755278982138,89.87196820661973
30.0,0.04,2.763102111592855,69.07755278982138,89.87196820661973
30.0,0.045,3.1084898755419617,69.07755278982138,89.87196820661973
30.0,0.049999999999999996,3.4538776394910684,69.07755278982138,89.87196820661973
30.0,0.05499999999999999,3.7992654034401756,69.07755278982138,89.87196820661973
30.0,0.06,4.144653167389282,69.07755278982138,89.87196820661973
30.0,0.065,4.49004093133839,69.07755278982138,89.87196820661973
30.0,0.06999999999999999,4.835428695287495,69.07755278982138,89.87196820661973
30.0,0.07499999999999998,5.180816459236603,69.07755278982138,89.87196820661973
30.0,0.07999999999999999,5.526204223185709,69.07755278982138,89.87196820661973
30.0,0.08499999999999999,5.871591987134817,69.07755278982138,89.87196820661973
30.0,0.09,6.216979751083923,69.07755278982138,89.87196820661973
30.0,0.095,6.562367515033031,69.07755278982138,89.87196820661973
30.0,0.09999999999999998,6.907755278982136,69.07755278982138,89.87196820661973
30.0,0.10499999999999998,7.253143042931243,69.07755278982138,89.87196820661973
30.0,0.10999999999999999,7.598530806880351,69.07755278982138,89.87196820661973
30.0,0.11499999999999999,7.9439185708294575,69.07755278982138,89.87196820661973
30.0,0.12,8.289306334778564,69.07755278982138,89.87196820661973
30.0,0.12499999999999997,8.63469409872767,69.07755278982138,89.87196820661973
30.0,0.12999999999999998,8.980081862676778,69.07755278982138,89.87196820661973
30.0,0.13499999999999998,9.325469626625885,69.07755278982138,89.87196820661973
30.0,0.13999999999999999,9.67085739057499,69.07755278982138,89.87196820661973
30.0,0.145,10.016245154524098,69.07755278982138,89.87196820661973
30.0,0.15,10.361632918473207,69.07755278982138,89.87196820661973
30.0,0.15499999999999997,10.707020682422312,69.07755278982138,89.87196820661973
30.0,0.15999999999999998,11.052408446371418,69.07755278982138,89.87196820661973
30.0,0.16499999999999998,11.397796210320525,69.07755278982138,89.87196820661973
30.0,0.16999999999999998,11.743183974269634,69.07755278982138,89.87196820661973
30.0,0.17499999999999996,12.08857173821874,69.07755278982138,89.87196820661973
30.0,0.17999999999999997,12.433959502167845,69.07755278982138,89.87196820661973
30.0,0.18499999999999997,12.779347266116952,69.07755278982138,89.87196820661973
30.0,0.18999999999999997,13.12473503006606,69.07755278982138,89.87196820661973
30.0,0.19499999999999998,13.470122794015168,69.07755278982138,89.87196820661973
30.0,0.19999999999999996,13.815510557964272,69.07755278982138,89.87196820661973
30.0,0.20499999999999996,14.160898321913379,69.07755278982138,89.87196820661973
30.0,0.20999999999999996,14.506286085862486,69.07755278982138,89.87196820661973
30.0,0.21499999999999997,14.851673849811595,69.07755278982138,89.87196820661973
30.0,0.21999999999999997,15.197061613760702,69.07755278982138,89.87196820661973
30.0,0.22499999999999995,15.542449377709806,69.07755278982138,89.87196820661973
30.0,0.22999999999999995,15.887837141658913,69.07755278982138,89.87196820661973
30.0,0.23499999999999996,16.233224905608022,69.07755278982138,89.87196820661973
30.0,0.23999999999999996,16.578612669557128,69.07755278982138,89.87196820661973
30.0,0.24499999999999997,16.924000433506233,69.07755278982138,89.87196820661973
30.0,0.24999999999999997,17.269388197455342,69.07755278982138,89.87196820661973
30.0,0.25499999999999995,17.614775961404447,69.07755278982138,89.87196820661973
30.0,0.25999999999999995,17.960163725353556,69.07755278982138,89.87196820661973
30.0,0.26499999999999996,18.305551489302662,69.07755278982138,89.87196820661973
30.0,0.26999999999999996,18.65093925325177,69.07755278982138,89.87196820661973
30.0,0.27499999999999997,18.996327017200876,69.07755278982138,89.87196820661973
30.0,0.27999999999999997,19.34171478114998,69.07755278982138,89.87196820661973
30.0,0.285,19.68710254509909,69.07755278982138,89.87196820661973
30.0,0.29,20.032490309048196,69.07755278982138,89.87196820661973
30.0,0.295,20.377878072997305,69.07755278982138,89.87196820661973
30.0,0.3,20.723265836946414,69.07755278982138,89.87196820661973
30.0,0.305,21.06865360089552,69.07755278982138,89.87196820661973
30.0,0.31,21.41404136484463,69.07755278982138,89.87196820661973
30.0,0.315,21.759429128793734,69.07755278982138,89.87196820661973
30.0,0.31999999999999995,22.104816892742836,69.07755278982138,89.87196820661973
30.0,0.32499999999999996,22.450204656691945,69.07755278982138,89.87196820661973
30.0,0.32999999999999996,22.79559242064105,69.07755278982138,89.87196820661973
30.0,0.33499999999999996,23.14098018459016,69.07755278982138,89.87196820661973
30.0,0.33999999999999997,23.486367948539268,69.07755278982138,89.87196820661973
30.0,0.345,23.831755712488373,69.07755278982138,89.87196820661973
30.0,0.35,24.177143476437482,69.07755278982138,89.87196820661973
30.0,0.355,24.522531240386584,69.07755278982138,89.87196820661973
30.0,0.36,24.867919004335693,69.07755278982138,89.87196820661973
30.0,0.365,25.213306768284802,69.07755278982138,89.87196820661973
30.0,0.37,25.558694532233908,69.07755278982138,89.87196820661973
30.0,0.37499999999999994,25.904082296183013,69.07755278982138,89.87196820661973
30.0,0.37999999999999995,26.24947006013212,69.07755278982138,89.87196820661973
30.0,0.38499999999999995,26.594857824081227,69.07755278982138,89.87196820661973
30.0,0.38999999999999996,26.940245588030336,69.07755278982138,89.87196820661973
30.0,0.39499999999999996,27.285633351979442,69.07755278982138,89.87196820661973
30.0,0.39999999999999997,27.631021115928547,69.07755278982138,89.87196820661973
30.0,0.40499999999999997,27.976408879877653,69.07755278982138,89.87196820661973
30.0,0.41,28.32179664382676,69.07755278982138,89.87196820661973
30.0,0.415,28.66718440777587,69.07755278982138,89.87196820661973
30.0,0.42,29.012572171724976,69.07755278982138,89.87196820661973
30.0,0.42499999999999993,29.35795993567408,69.07755278982138,89.87196820661973
30.0,0.42999999999999994,29.70334769962319,69.07755278982138,89.87196820661973
30.0,0.43499999999999994,30.048735463572296,69.07755278982138,89.87196820661973
30.0,0.43999999999999995,30.394123227521405,69.07755278982138,89.87196820661973
30.0,0.44499999999999995,30.739510991470507,69.07755278982138,89.87196820661973
30.0,0.44999999999999996,31.084898755419616,69.07755278982138,89.87196820661973
30.0,0.45499999999999996,31.430286519368725,69.07755278982138,89.87196820661973
30.0,0.45999999999999996,31.77567428331783,69.07755278982138,89.87196820661973
30.0,0.46499999999999997,32.12106204726694,69.07755278982138,89.87196820661973
30.0,0.47,32.466449811216044,69.07755278982138,89.87196820661973
30.0,0.475,32.81183757516516,69.07755278982138,89.87196820661973
30.0,0.4799999999999999,33.157225339114255,69.07755278982138,89.87196820661973
30.0,0.48499999999999993,33.50261310306336,69.07755278982138,89.87196820661973
30.0,0.48999999999999994,33.848000867012466,69.07755278982138,89.87196820661973
30.0,0.49499999999999994,34.19338863096158,69.07755278982138,89.87196820661973
30.0,0.49999999999999994,34.538776394910684,69.07755278982138,89.87196820661973
30.0,0.5049999999999999,34.88416415885979,69.07755278982138,89.87196820661973
30.0,0.5099999999999999,35.229551922808895,69.07755278982138,89.87196820661973
30.0,0.5149999999999999,35.574939686758,69.07755278982138,89.87196820661973
30.0,0.5199999999999999,35.92032745070711,69.07755278982138,89.87196820661973
30.0,0.5249999999999999,36.26571521465622,69.07755278982138,89.87196820661973
30.0,0.5299999999999999,36.611102978605324,69.07755278982138,89.87196820661973
30.0,0.5349999999999999,36.95649074255443,69.07755278982138,89.87196820661973
30.0,0.5399999999999999,37.30187850650354,69.07755278982138,89.87196820661973
30.0,0.5449999999999999,37.64726627045265,69.07755278982138,89.87196820661973
30.0,0.5499999999999999,37.99265403440175,69.07755278982138,89.87196820661973
30.0,0.5549999999999999,38.33804179835086,69.07755278982138,89.87196820661973
30.0,0.5599999999999999,38.68342956229996,69.07755278982138,89.87196820661973
30.0,0.565,39.028817326249076,69.07755278982138,89.87196820661973
30.0,0.57,39.37420509019818,69.07755278982138,89.87196820661973
30.0,0.575,39.719592854147294,69.07755278982138,89.87196820661973
30.0,0.58,40.06498061809639,69.07755278982138,89.87196820661973
30.0,0.585,40.4103683820455,69.07755278982138,89.87196820661973
30.0,0.59,40.75575614599461,69.07755278982138,89.87196820661973
30.0,0.595,41.101143909943715,69.07755278982138,89.87196820661973
30.0,0.6,41.44653167389283,69.07755278982138,89.87196820661973
