speed_m_s,total_latency_s,available_deceleration_m_s2,geometric_margin_m,required_clearance_m
0.0,0.1,0.3,0.15,0.15
0.01,0.1,0.3,0.15,0.15116666666666667
0.02,0.1,0.3,0.15,0.15266666666666667
0.03,0.1,0.3,0.15,0.1545
0.04,0.1,0.3,0.15,0.15666666666666665
0.05,0.1,0.3,0.15,0.15916666666666665
0.06,0.1,0.3,0.15,0.162
0.07,0.1,0.3,0.15,0.16516666666666666
0.08,0.1,0.3,0.15,0.16866666666666666
0.09,0.1,0.3,0.15,0.1725
0.1,0.1,0.3,0.15,0.17666666666666667
0.11,0.1,0.3,0.15,0.18116666666666667
0.12,0.1,0.3,0.15,0.186
0.13,0.1,0.3,0.15,0.19116666666666665
0.14,0.1,0.3,0.15,0.19666666666666666
0.15,0.1,0.3,0.15,0.20249999999999999
0.16,0.1,0.3,0.15,0.20866666666666667
0.17,0.1,0.3,0.15,0.21516666666666667
0.18,0.1,0.3,0.15,0.22199999999999998
0.19,0.1,0.3,0.15,0.22916666666666666
0.2,0.1,0.3,0.15,0.2366666666666667
0.21,0.1,0.3,0.15,0.2445
0.22,0.1,0.3,0.15,0.25266666666666665
0.23,0.1,0.3,0.15,0.26116666666666666
0.24,0.1,0.3,0.15,0.27
0.25,0.1,0.3,0.15,0.2791666666666667
0.26,0.1,0.3,0.15,0.2886666666666667
0.27,0.1,0.3,0.15,0.2985
0.28,0.1,0.3,0.15,0.30866666666666664
0.29,0.1,0.3,0.15,0.31916666666666665
0.3,0.1,0.3,0.15,0.32999999999999996
0.31,0.1,0.3,0.15,0.3411666666666667
0.32,0.1,0.3,0.15,0.3526666666666667
0.33,0.1,0.3,0.15,0.36450000000000005
0.34,0.1,0.3,0.15,0.3766666666666667
0.35000000000000003,0.1,0.3,0.15,0.3891666666666667
0.36,0.1,0.3,0.15,0.402
0.37,0.1,0.3,0.15,0.4151666666666667
0.38,0.1,0.3,0.15,0.42866666666666664
0.39,0.1,0.3,0.15,0.4425000000000001
0.4,0.1,0.3,0.15,0.4566666666666668
0.41000000000000003,0.1,0.3,0.15,0.47116666666666673
0.42,0.1,0.3,0.15,0.486
0.43,0.1,0.3,0.15,0.5011666666666666
0.44,0.1,0.3,0.15,0.5166666666666666
0.45,0.1,0.3,0.15,0.5325
0.46,0.1,0.3,0.15,0.5486666666666666
0.47000000000000003,0.1,0.3,0.15,0.5651666666666667
0.48,0.1,0.3,0.15,0.582
0.49,0.1,0.3,0.15,0.5991666666666666
0.5,0.1,0.3,0.15,0.6166666666666667
0.51,0.1,0.3,0.15,0.6345
0.52,0.1,0.3,0.15,0.6526666666666667
0.53,0.1,0.3,0.15,0.6711666666666668
0.54,0.1,0.3,0.15,0.6900000000000001
0.55,0.1,0.3,0.15,0.7091666666666668
0.56,0.1,0.3,0.15,0.7286666666666668
0.5700000000000001,0.1,0.3,0.15,0.7485000000000003
0.58,0.1,0.3,0.15,0.7686666666666667
0.59,0.1,0.3,0.15,0.7891666666666667
0.6,0.1,0.3,0.15,0.8099999999999999
0.61,0.1,0.3,0.15,0.8311666666666667
0.62,0.1,0.3,0.15,0.8526666666666668
0.63,0.1,0.3,0.15,0.8745000000000002
0.64,0.1,0.3,0.15,0.8966666666666668
0.65,0.1,0.3,0.15,0.9191666666666668
0.66,0.1,0.3,0.15,0.9420000000000001
0.67,0.1,0.3,0.15,0.9651666666666668
0.68,0.1,0.3,0.15,0.9886666666666669
0.6900000000000001,0.1,0.3,0.15,1.0125000000000002
0.7000000000000001,0.1,0.3,0.15,1.0366666666666668
0.71,0.1,0.3,0.15,1.0611666666666666
0.72,0.1,0.3,0.15,1.0859999999999999
0.73,0.1,0.3,0.15,1.1111666666666664
0.74,0.1,0.3,0.15,1.1366666666666665
0.75,0.1,0.3,0.15,1.1624999999999999
0.76,0.1,0.3,0.15,1.1886666666666665
0.77,0.1,0.3,0.15,1.2151666666666665
0.78,0.1,0.3,0.15,1.2420000000000002
0.79,0.1,0.3,0.15,1.2691666666666668
0.8,0.1,0.3,0.15,1.2966666666666669
0.81,0.1,0.3,0.15,1.3245000000000002
0.8200000000000001,0.1,0.3,0.15,1.352666666666667
0.8300000000000001,0.1,0.3,0.15,1.3811666666666667
0.84,0.1,0.3,0.15,1.41
0.85,0.1,0.3,0.15,1.4391666666666665
0.86,0.1,0.3,0.15,1.4686666666666666
0.87,0.1,0.3,0.15,1.4985
0.88,0.1,0.3,0.15,1.5286666666666666
0.89,0.1,0.3,0.15,1.5591666666666666
0.9,0.1,0.3,0.15,1.59
0.91,0.1,0.3,0.15,1.6211666666666666
0.92,0.1,0.3,0.15,1.6526666666666667
0.93,0.1,0.3,0.15,1.6845
0.9400000000000001,0.1,0.3,0.15,1.716666666666667
0.9500000000000001,0.1,0.3,0.15,1.7491666666666668
0.96,0.1,0.3,0.15,1.782
0.97,0.1,0.3,0.15,1.8151666666666666
0.98,0.1,0.3,0.15,1.8486666666666667
0.99,0.1,0.3,0.15,1.8824999999999998
1.0,0.1,0.3,0.15,1.9166666666666667
0.0,0.1,0.5,0.15,0.15
0.01,0.1,0.5,0.15,0.15109999999999998
0.02,0.1,0.5,0.15,0.1524
0.03,0.1,0.5,0.15,0.15389999999999998
0.04,0.1,0.5,0.15,0.1556
0.05,0.1,0.5,0.15,0.1575
0.06,0.1,0.5,0.15,0.1596
0.07,0.1,0.5,0.15,0.1619
0.08,0.1,0.5,0.15,0.1644
0.09,0.1,0.5,0.15,0.1671
0.1,0.1,0.5,0.15,0.16999999999999998
0.11,0.1,0.5,0.15,0.1731
0.12,0.1,0.5,0.15,0.1764
0.13,0.1,0.5,0.15,0.1799
0.14,0.1,0.5,0.15,0.18359999999999999
0.15,0.1,0.5,0.15,0.1875
0.16,0.1,0.5,0.15,0.1916
0.17,0.1,0.5,0.15,0.19590000000000002
0.18,0.1,0.5,0.15,0.2004
0.19,0.1,0.5,0.15,0.2051
0.2,0.1,0.5,0.15,0.21000000000000002
0.21,0.1,0.5,0.15,0.21509999999999999
0.22,0.1,0.5,0.15,0.22039999999999998
0.23,0.1,0.5,0.15,0.2259
0.24,0.1,0.5,0.15,0.2316
0.25,0.1,0.5,0.15,0.2375
0.26,0.1,0.5,0.15,0.2436
0.27,0.1,0.5,0.15,0.2499
0.28,0.1,0.5,0.15,0.2564
0.29,0.1,0.5,0.15,0.2631
0.3,0.1,0.5,0.15,0.27
0.31,0.1,0.5,0.15,0.2771
0.32,0.1,0.5,0.15,0.2844
0.33,0.1,0.5,0.15,0.29190000000000005
0.34,0.1,0.5,0.15,0.2996
0.35000000000000003,0.1,0.5,0.15,0.3075
0.36,0.1,0.5,0.15,0.3156
0.37,0.1,0.5,0.15,0.32389999999999997
0.38,0.1,0.5,0.15,0.33240000000000003
0.39,0.1,0.5,0.15,0.3411
0.4,0.1,0.5,0.15,0.35000000000000003
0.41000000000000003,0.1,0.5,0.15,0.35910000000000003
0.42,0.1,0.5,0.15,0.36839999999999995
0.43,0.1,0.5,0.15,0.3779
0.44,0.1,0.5,0.15,0.3876
0.45,0.1,0.5,0.15,0.3975
0.46,0.1,0.5,0.15,0.40759999999999996
0.47000000000000003,0.1,0.5,0.15,0.41790000000000005
0.48,0.1,0.5,0.15,0.4284
0.49,0.1,0.5,0.15,0.43909999999999993
0.5,0.1,0.5,0.15,0.44999999999999996
0.51,0.1,0.5,0.15,0.46109999999999995
0.52,0.1,0.5,0.15,0.47240000000000004
0.53,0.1,0.5,0.15,0.4839
0.54,0.1,0.5,0.15,0.49560000000000004
0.55,0.1,0.5,0.15,0.5075000000000001
0.56,0.1,0.5,0.15,0.5196000000000001
0.5700000000000001,0.1,0.5,0.15,0.5319
0.58,0.1,0.5,0.15,0.5444
0.59,0.1,0.5,0.15,0.5570999999999999
0.6,0.1,0.5,0.15,0.57
0.61,0.1,0.5,0.15,0.5831
0.62,0.1,0.5,0.15,0.5964
0.63,0.1,0.5,0.15,0.6099
0.64,0.1,0.5,0.15,0.6236
0.65,0.1,0.5,0.15,0.6375000000000001
0.66,0.1,0.5,0.15,0.6516000000000001
0.67,0.1,0.5,0.15,0.6659
0.68,0.1,0.5,0.15,0.6804000000000001
0.6900000000000001,0.1,0.5,0.15,0.6951000000000002
0.7000000000000001,0.1,0.5,0.15,0.7100000000000001
0.71,0.1,0.5,0.15,0.7251
0.72,0.1,0.5,0.15,0.7404
0.73,0.1,0.5,0.15,0.7558999999999999
0.74,0.1,0.5,0.15,0.7716
0.75,0.1,0.5,0.15,0.7875
0.76,0.1,0.5,0.15,0.8036
0.77,0.1,0.5,0.15,0.8199
0.78,0.1,0.5,0.15,0.8364000000000001
0.79,0.1,0.5,0.15,0.8531000000000001
0.8,0.1,0.5,0.15,0.8700000000000002
0.81,0.1,0.5,0.15,0.8871000000000001
0.8200000000000001,0.1,0.5,0.15,0.9044000000000002
0.8300000000000001,0.1,0.5,0.15,0.9219
0.84,0.1,0.5,0.15,0.9395999999999999
0.85,0.1,0.5,0.15,0.9574999999999999
0.86,0.1,0.5,0.15,0.9755999999999999
0.87,0.1,0.5,0.15,0.9939
0.88,0.1,0.5,0.15,1.0124
0.89,0.1,0.5,0.15,1.0311
0.9,0.1,0.5,0.15,1.05
0.91,0.1,0.5,0.15,1.0691
0.92,0.1,0.5,0.15,1.0884
0.93,0.1,0.5,0.15,1.1079
0.9400000000000001,0.1,0.5,0.15,1.1276000000000002
0.9500000000000001,0.1,0.5,0.15,1.1475
0.96,0.1,0.5,0.15,1.1676
0.97,0.1,0.5,0.15,1.1879
0.98,0.1,0.5,0.15,1.2084
0.99,0.1,0.5,0.15,1.2290999999999999
1.0,0.1,0.5,0.15,1.25
0.0,0.1,0.8,0.15,0.15
0.01,0.1,0.8,0.15,0.1510625
0.02,0.1,0.8,0.15,0.15225
0.03,0.1,0.8,0.15,0.1535625
0.04,0.1,0.8,0.15,0.155
0.05,0.1,0.8,0.15,0.1565625
0.06,0.1,0.8,0.15,0.15825
0.07,0.1,0.8,0.15,0.1600625
0.08,0.1,0.8,0.15,0.162
0.09,0.1,0.8,0.15,0.1640625
0.1,0.1,0.8,0.15,0.16625
0.11,0.1,0.8,0.15,0.1685625
0.12,0.1,0.8,0.15,0.17099999999999999
0.13,0.1,0.8,0.15,0.1735625
0.14,0.1,0.8,0.15,0.17625
0.15,0.1,0.8,0.15,0.17906249999999999
0.16,0.1,0.8,0.15,0.182
0.17,0.1,0.8,0.15,0.1850625
0.18,0.1,0.8,0.15,0.18824999999999997
0.19,0.1,0.8,0.15,0.1915625
0.2,0.1,0.8,0.15,0.195
0.21,0.1,0.8,0.15,0.19856249999999998
0.22,0.1,0.8,0.15,0.20224999999999999
0.23,0.1,0.8,0.15,0.20606249999999998
0.24,0.1,0.8,0.15,0.21
0.25,0.1,0.8,0.15,0.2140625
0.26,0.1,0.8,0.15,0.21825
0.27,0.1,0.8,0.15,0.2225625
0.28,0.1,0.8,0.15,0.227
0.29,0.1,0.8,0.15,0.23156249999999998
0.3,0.1,0.8,0.15,0.23625
0.31,0.1,0.8,0.15,0.24106249999999999
0.32,0.1,0.8,0.15,0.246
0.33,0.1,0.8,0.15,0.25106249999999997
0.34,0.1,0.8,0.15,0.25625
0.35000000000000003,0.1,0.8,0.15,0.26156250000000003
0.36,0.1,0.8,0.15,0.267
0.37,0.1,0.8,0.15,0.2725625
0.38,0.1,0.8,0.15,0.27825
0.39,0.1,0.8,0.15,0.2840625
0.4,0.1,0.8,0.15,0.29000000000000004
0.41000000000000003,0.1,0.8,0.15,0.2960625
0.42,0.1,0.8,0.15,0.30224999999999996
0.43,0.1,0.8,0.15,0.30856249999999996
0.44,0.1,0.8,0.15,0.315
0.45,0.1,0.8,0.15,0.3215625
0.46,0.1,0.8,0.15,0.32825000000000004
0.47000000000000003,0.1,0.8,0.15,0.33506250000000004
0.48,0.1,0.8,0.15,0.34199999999999997
0.49,0.1,0.8,0.15,0.34906249999999994
0.5,0.1,0.8,0.15,0.35624999999999996
0.51,0.1,0.8,0.15,0.3635625
0.52,0.1,0.8,0.15,0.371
0.53,0.1,0.8,0.15,0.3785625
0.54,0.1,0.8,0.15,0.38625
0.55,0.1,0.8,0.15,0.3940625
0.56,0.1,0.8,0.15,0.402
0.5700000000000001,0.1,0.8,0.15,0.4100625
0.58,0.1,0.8,0.15,0.41825
0.59,0.1,0.8,0.15,0.42656249999999996
0.6,0.1,0.8,0.15,0.43499999999999994
0.61,0.1,0.8,0.15,0.44356249999999997
0.62,0.1,0.8,0.15,0.45225000000000004
0.63,0.1,0.8,0.15,0.46106250000000004
0.64,0.1,0.8,0.15,0.47
0.65,0.1,0.8,0.15,0.47906250000000006
0.66,0.1,0.8,0.15,0.48824999999999996
0.67,0.1,0.8,0.15,0.4975625
0.68,0.1,0.8,0.15,0.507
0.6900000000000001,0.1,0.8,0.15,0.5165625
0.7000000000000001,0.1,0.8,0.15,0.52625
0.71,0.1,0.8,0.15,0.5360625
0.72,0.1,0.8,0.15,0.5459999999999999
0.73,0.1,0.8,0.15,0.5560624999999999
0.74,0.1,0.8,0.15,0.5662499999999999
0.75,0.1,0.8,0.15,0.5765625
0.76,0.1,0.8,0.15,0.587
0.77,0.1,0.8,0.15,0.5975625
0.78,0.1,0.8,0.15,0.6082500000000001
0.79,0.1,0.8,0.15,0.6190625000000001
0.8,0.1,0.8,0.15,0.6300000000000001
0.81,0.1,0.8,0.15,0.6410625000000001
0.8200000000000001,0.1,0.8,0.15,0.6522500000000001
0.8300000000000001,0.1,0.8,0.15,0.6635625
0.84,0.1,0.8,0.15,0.6749999999999999
0.85,0.1,0.8,0.15,0.6865625
0.86,0.1,0.8,0.15,0.6982499999999999
0.87,0.1,0.8,0.15,0.7100625
0.88,0.1,0.8,0.15,0.722
0.89,0.1,0.8,0.15,0.7340625000000001
0.9,0.1,0.8,0.15,0.74625
0.91,0.1,0.8,0.15,0.7585625
0.92,0.1,0.8,0.15,0.771
0.93,0.1,0.8,0.15,0.7835625
0.9400000000000001,0.1,0.8,0.15,0.79625
0.9500000000000001,0.1,0.8,0.15,0.8090625
0.96,0.1,0.8,0.15,0.822
0.97,0.1,0.8,0.15,0.8350624999999999
0.98,0.1,0.8,0.15,0.84825
0.99,0.1,0.8,0.15,0.8615624999999999
1.0,0.1,0.8,0.15,0.875
0.0,0.3,0.3,0.15,0.15
0.01,0.3,0.3,0.15,0.15316666666666667
0.02,0.3,0.3,0.15,0.15666666666666665
0.03,0.3,0.3,0.15,0.1605
0.04,0.3,0.3,0.15,0.16466666666666666
0.05,0.3,0.3,0.15,0.16916666666666666
0.06,0.3,0.3,0.15,0.174
0.07,0.3,0.3,0.15,0.17916666666666667
0.08,0.3,0.3,0.15,0.18466666666666665
0.09,0.3,0.3,0.15,0.1905
0.1,0.3,0.3,0.15,0.19666666666666666
0.11,0.3,0.3,0.15,0.20316666666666666
0.12,0.3,0.3,0.15,0.21
0.13,0.3,0.3,0.15,0.21716666666666667
0.14,0.3,0.3,0.15,0.22466666666666668
0.15,0.3,0.3,0.15,0.23249999999999998
0.16,0.3,0.3,0.15,0.24066666666666667
0.17,0.3,0.3,0.15,0.24916666666666668
0.18,0.3,0.3,0.15,0.258
0.19,0.3,0.3,0.15,0.26716666666666666
0.2,0.3,0.3,0.15,0.27666666666666667
0.21,0.3,0.3,0.15,0.2865
0.22,0.3,0.3,0.15,0.29666666666666663
0.23,0.3,0.3,0.15,0.3071666666666667
0.24,0.3,0.3,0.15,0.31799999999999995
0.25,0.3,0.3,0.15,0.32916666666666666
0.26,0.3,0.3,0.15,0.3406666666666667
0.27,0.3,0.3,0.15,0.35250000000000004
0.28,0.3,0.3,0.15,0.3646666666666667
0.29,0.3,0.3,0.15,0.37716666666666665
0.3,0.3,0.3,0.15,0.39
0.31,0.3,0.3,0.15,0.4031666666666667
0.32,0.3,0.3,0.15,0.41666666666666674
0.33,0.3,0.3,0.15,0.4305
0.34,0.3,0.3,0.15,0.44466666666666677
0.35000000000000003,0.3,0.3,0.15,0.4591666666666667
0.36,0.3,0.3,0.15,0.474
0.37,0.3,0.3,0.15,0.48916666666666664
0.38,0.3,0.3,0.15,0.5046666666666667
0.39,0.3,0.3,0.15,0.5205000000000001
0.4,0.3,0.3,0.15,0.5366666666666667
0.41000000000000003,0.3,0.3,0.15,0.5531666666666667
0.42,0.3,0.3,0.15,0.57
0.43,0.3,0.3,0.15,0.5871666666666666
0.44,0.3,0.3,0.15,0.6046666666666667
0.45,0.3,0.3,0.15,0.6225
0.46,0.3,0.3,0.15,0.6406666666666667
0.47000000000000003,0.3,0.3,0.15,0.6591666666666668
0.48,0.3,0.3,0.15,0.678
0.49,0.3,0.3,0.15,0.6971666666666667
0.5,0.3,0.3,0.15,0.7166666666666667
0.51,0.3,0.3,0.15,0.7365
0.52,0.3,0.3,0.15,0.7566666666666667
0.53,0.3,0.3,0.15,0.7771666666666668
0.54,0.3,0.3,0.15,0.798
0.55,0.3,0.3,0.15,0.8191666666666668
0.56,0.3,0.3,0.15,0.8406666666666668
0.5700000000000001,0.3,0.3,0.15,0.8625000000000003
0.58,0.3,0.3,0.15,0.8846666666666666
0.59,0.3,0.3,0.15,0.9071666666666666
0.6,0.3,0.3,0.15,0.93
0.61,0.3,0.3,0.15,0.9531666666666666
0.62,0.3,0.3,0.15,0.9766666666666667
0.63,0.3,0.3,0.15,1.0005
0.64,0.3,0.3,0.15,1.0246666666666666
0.65,0.3,0.3,0.15,1.0491666666666666
0.66,0.3,0.3,0.15,1.074
0.67,0.3,0.3,0.15,1.0991666666666668
0.68,0.3,0.3,0.15,1.1246666666666667
0.6900000000000001,0.3,0.3,0.15,1.1505
0.7000000000000001,0.3,0.3,0.15,1.1766666666666667
0.71,0.3,0.3,0.15,1.2031666666666667
0.72,0.3,0.3,0.15,1.23
0.73,0.3,0.3,0.15,1.2571666666666665
0.74,0.3,0.3,0.15,1.2846666666666666
0.75,0.3,0.3,0.15,1.3125
0.76,0.3,0.3,0.15,1.3406666666666665
0.77,0.3,0.3,0.15,1.3691666666666666
0.78,0.3,0.3,0.15,1.3980000000000001
0.79,0.3,0.3,0.15,1.427166666666667
0.8,0.3,0.3,0.15,1.4566666666666668
0.81,0.3,0.3,0.15,1.4865000000000004
0.8200000000000001,0.3,0.3,0.15,1.5166666666666668
0.8300000000000001,0.3,0.3,0.15,1.5471666666666666
0.84,0.3,0.3,0.15,1.5779999999999998
0.85,0.3,0.3,0.15,1.6091666666666664
0.86,0.3,0.3,0.15,1.6406666666666665
0.87,0.3,0.3,0.15,1.6724999999999999
0.88,0.3,0.3,0.15,1.7046666666666666
0.89,0.3,0.3,0.15,1.7371666666666665
0.9,0.3,0.3,0.15,1.77
0.91,0.3,0.3,0.15,1.8031666666666668
0.92,0.3,0.3,0.15,1.8366666666666667
0.93,0.3,0.3,0.15,1.8705000000000003
0.9400000000000001,0.3,0.3,0.15,1.904666666666667
0.9500000000000001,0.3,0.3,0.15,1.939166666666667
0.96,0.3,0.3,0.15,1.974
0.97,0.3,0.3,0.15,2.0091666666666668
0.98,0.3,0.3,0.15,2.0446666666666666
0.99,0.3,0.3,0.15,2.0805
1.0,0.3,0.3,0.15,2.1166666666666667
0.0,0.3,0.5,0.15,0.15
0.01,0.3,0.5,0.15,0.15309999999999999
0.02,0.3,0.5,0.15,0.15639999999999998
0.03,0.3,0.5,0.15,0.1599
0.04,0.3,0.5,0.15,0.1636
0.05,0.3,0.5,0.15,0.16749999999999998
0.06,0.3,0.5,0.15,0.1716
0.07,0.3,0.5,0.15,0.1759
0.08,0.3,0.5,0.15,0.1804
0.09,0.3,0.5,0.15,0.1851
0.1,0.3,0.5,0.15,0.19
0.11,0.3,0.5,0.15,0.1951
0.12,0.3,0.5,0.15,0.2004
0.13,0.3,0.5,0.15,0.2059
0.14,0.3,0.5,0.15,0.2116
0.15,0.3,0.5,0.15,0.2175
0.16,0.3,0.5,0.15,0.2236
0.17,0.3,0.5,0.15,0.2299
0.18,0.3,0.5,0.15,0.2364
0.19,0.3,0.5,0.15,0.24309999999999998
0.2,0.3,0.5,0.15,0.25
0.21,0.3,0.5,0.15,0.2571
0.22,0.3,0.5,0.15,0.26439999999999997
0.23,0.3,0.5,0.15,0.27190000000000003
0.24,0.3,0.5,0.15,0.27959999999999996
0.25,0.3,0.5,0.15,0.2875
0.26,0.3,0.5,0.15,0.2956
0.27,0.3,0.5,0.15,0.3039
0.28,0.3,0.5,0.15,0.3124
0.29,0.3,0.5,0.15,0.32109999999999994
0.3,0.3,0.5,0.15,0.32999999999999996
0.31,0.3,0.5,0.15,0.33909999999999996
0.32,0.3,0.5,0.15,0.34840000000000004
0.33,0.3,0.5,0.15,0.3579
0.34,0.3,0.5,0.15,0.36760000000000004
0.35000000000000003,0.3,0.5,0.15,0.37750000000000006
0.36,0.3,0.5,0.15,0.38759999999999994
0.37,0.3,0.5,0.15,0.39790000000000003
0.38,0.3,0.5,0.15,0.4084
0.39,0.3,0.5,0.15,0.41910000000000003
0.4,0.3,0.5,0.15,0.43000000000000005
0.41000000000000003,0.3,0.5,0.15,0.44110000000000005
0.42,0.3,0.5,0.15,0.4524
0.43,0.3,0.5,0.15,0.4639
0.44,0.3,0.5,0.15,0.4756
0.45,0.3,0.5,0.15,0.48750000000000004
0.46,0.3,0.5,0.15,0.49960000000000004
0.47000000000000003,0.3,0.5,0.15,0.5119
0.48,0.3,0.5,0.15,0.5244
0.49,0.3,0.5,0.15,0.5371
0.5,0.3,0.5,0.15,0.55
0.51,0.3,0.5,0.15,0.5631
0.52,0.3,0.5,0.15,0.5764
0.53,0.3,0.5,0.15,0.5899000000000001
0.54,0.3,0.5,0.15,0.6036
0.55,0.3,0.5,0.15,0.6175
0.56,0.3,0.5,0.15,0.6316
0.5700000000000001,0.3,0.5,0.15,0.6459000000000001
0.58,0.3,0.5,0.15,0.6604
0.59,0.3,0.5,0.15,0.6750999999999999
0.6,0.3,0.5,0.15,0.6900000000000001
0.61,0.3,0.5,0.15,0.7051
0.62,0.3,0.5,0.15,0.7204
0.63,0.3,0.5,0.15,0.7359000000000001
0.64,0.3,0.5,0.15,0.7516
0.65,0.3,0.5,0.15,0.7675000000000001
0.66,0.3,0.5,0.15,0.7836000000000001
0.67,0.3,0.5,0.15,0.7999000000000002
0.68,0.3,0.5,0.15,0.8164000000000001
0.6900000000000001,0.3,0.5,0.15,0.8331000000000001
0.7000000000000001,0.3,0.5,0.15,0.8500000000000002
0.71,0.3,0.5,0.15,0.8671
0.72,0.3,0.5,0.15,0.8844
0.73,0.3,0.5,0.15,0.9018999999999999
0.74,0.3,0.5,0.15,0.9196
0.75,0.3,0.5,0.15,0.9375
0.76,0.3,0.5,0.15,0.9556
0.77,0.3,0.5,0.15,0.9739
0.78,0.3,0.5,0.15,0.9924000000000001
0.79,0.3,0.5,0.15,1.0111
0.8,0.3,0.5,0.15,1.03
0.81,0.3,0.5,0.15,1.0491000000000001
0.8200000000000001,0.3,0.5,0.15,1.0684
0.8300000000000001,0.3,0.5,0.15,1.0879
0.84,0.3,0.5,0.15,1.1076
0.85,0.3,0.5,0.15,1.1275
0.86,0.3,0.5,0.15,1.1476
0.87,0.3,0.5,0.15,1.1679
0.88,0.3,0.5,0.15,1.1884
0.89,0.3,0.5,0.15,1.2090999999999998
0.9,0.3,0.5,0.15,1.23
0.91,0.3,0.5,0.15,1.2511
0.92,0.3,0.5,0.15,1.2724
0.93,0.3,0.5,0.15,1.2939
0.9400000000000001,0.3,0.5,0.15,1.3156
0.9500000000000001,0.3,0.5,0.15,1.3375
0.96,0.3,0.5,0.15,1.3596
0.97,0.3,0.5,0.15,1.3819
0.98,0.3,0.5,0.15,1.4043999999999999
0.99,0.3,0.5,0.15,1.4270999999999998
1.0,0.3,0.5,0.15,1.45
0.0,0.3,0.8,0.15,0.15
0.01,0.3,0.8,0.15,0.1530625
0.02,0.3,0.8,0.15,0.15625
0.03,0.3,0.8,0.15,0.1595625
0.04,0.3,0.8,0.15,0.163
0.05,0.3,0.8,0.15,0.1665625
0.06,0.3,0.8,0.15,0.17024999999999998
0.07,0.3,0.8,0.15,0.1740625
0.08,0.3,0.8,0.15,0.178
0.09,0.3,0.8,0.15,0.1820625
0.1,0.3,0.8,0.15,0.18625
0.11,0.3,0.8,0.15,0.1905625
0.12,0.3,0.8,0.15,0.195
0.13,0.3,0.8,0.15,0.1995625
0.14,0.3,0.8,0.15,0.20425
0.15,0.3,0.8,0.15,0.20906249999999998
0.16,0.3,0.8,0.15,0.214
0.17,0.3,0.8,0.15,0.2190625
0.18,0.3,0.8,0.15,0.22425
0.19,0.3,0.8,0.15,0.2295625
0.2,0.3,0.8,0.15,0.235
0.21,0.3,0.8,0.15,0.24056249999999998
0.22,0.3,0.8,0.15,0.24625
0.23,0.3,0.8,0.15,0.25206249999999997
0.24,0.3,0.8,0.15,0.258
0.25,0.3,0.8,0.15,0.2640625
0.26,0.3,0.8,0.15,0.27025
0.27,0.3,0.8,0.15,0.2765625
0.28,0.3,0.8,0.15,0.28300000000000003
0.29,0.3,0.8,0.15,0.28956249999999994
0.3,0.3,0.8,0.15,0.29625
0.31,0.3,0.8,0.15,0.3030625
0.32,0.3,0.8,0.15,0.31
0.33,0.3,0.8,0.15,0.3170625
0.34,0.3,0.8,0.15,0.32425000000000004
0.35000000000000003,0.3,0.8,0.15,0.3315625
0.36,0.3,0.8,0.15,0.33899999999999997
0.37,0.3,0.8,0.15,0.3465625
0.38,0.3,0.8,0.15,0.35424999999999995
0.39,0.3,0.8,0.15,0.36206249999999995
0.4,0.3,0.8,0.15,0.37
0.41000000000000003,0.3,0.8,0.15,0.37806249999999997
0.42,0.3,0.8,0.15,0.38625
0.43,0.3,0.8,0.15,0.3945625
0.44,0.3,0.8,0.15,0.403
0.45,0.3,0.8,0.15,0.41156250000000005
0.46,0.3,0.8,0.15,0.42025
0.47000000000000003,0.3,0.8,0.15,0.4290625
0.48,0.3,0.8,0.15,0.43799999999999994
0.49,0.3,0.8,0.15,0.44706250000000003
0.5,0.3,0.8,0.15,0.45625000000000004
0.51,0.3,0.8,0.15,0.4655625
0.52,0.3,0.8,0.15,0.475
0.53,0.3,0.8,0.15,0.4845625
0.54,0.3,0.8,0.15,0.49424999999999997
0.55,0.3,0.8,0.15,0.5040625000000001
0.56,0.3,0.8,0.15,0.514
0.5700000000000001,0.3,0.8,0.15,0.5240625000000001
0.58,0.3,0.8,0.15,0.53425
0.59,0.3,0.8,0.15,0.5445625
0.6,0.3,0.8,0.15,0.5549999999999999
0.61,0.3,0.8,0.15,0.5655625
0.62,0.3,0.8,0.15,0.57625
0.63,0.3,0.8,0.15,0.5870625
0.64,0.3,0.8,0.15,0.598
0.65,0.3,0.8,0.15,0.6090625000000001
0.66,0.3,0.8,0.15,0.62025
0.67,0.3,0.8,0.15,0.6315625
0.68,0.3,0.8,0.15,0.643
0.6900000000000001,0.3,0.8,0.15,0.6545625
0.7000000000000001,0.3,0.8,0.15,0.6662500000000001
0.71,0.3,0.8,0.15,0.6780625
0.72,0.3,0.8,0.15,0.69
0.73,0.3,0.8,0.15,0.7020624999999999
0.74,0.3,0.8,0.15,0.7142499999999999
0.75,0.3,0.8,0.15,0.7265625
0.76,0.3,0.8,0.15,0.739
0.77,0.3,0.8,0.15,0.7515625
0.78,0.3,0.8,0.15,0.76425
0.79,0.3,0.8,0.15,0.7770625000000001
0.8,0.3,0.8,0.15,0.7900000000000001
0.81,0.3,0.8,0.15,0.8030625000000001
0.8200000000000001,0.3,0.8,0.15,0.81625
0.8300000000000001,0.3,0.8,0.15,0.8295625000000001
0.84,0.3,0.8,0.15,0.8429999999999999
0.85,0.3,0.8,0.15,0.8565625
0.86,0.3,0.8,0.15,0.87025
0.87,0.3,0.8,0.15,0.8840625000000001
0.88,0.3,0.8,0.15,0.898
0.89,0.3,0.8,0.15,0.9120625000000001
0.9,0.3,0.8,0.15,0.92625
0.91,0.3,0.8,0.15,0.9405625000000001
0.92,0.3,0.8,0.15,0.9550000000000001
0.93,0.3,0.8,0.15,0.9695625000000001
0.9400000000000001,0.3,0.8,0.15,0.9842500000000001
0.9500000000000001,0.3,0.8,0.15,0.9990625000000001
0.96,0.3,0.8,0.15,1.0139999999999998
0.97,0.3,0.8,0.15,1.0290624999999998
0.98,0.3,0.8,0.15,1.04425
0.99,0.3,0.8,0.15,1.0595624999999997
1.0,0.3,0.8,0.15,1.075
0.0,0.6,0.3,0.15,0.15
0.01,0.6,0.3,0.15,0.15616666666666665
0.02,0.6,0.3,0.15,0.16266666666666665
0.03,0.6,0.3,0.15,0.16949999999999998
0.04,0.6,0.3,0.15,0.17666666666666667
0.05,0.6,0.3,0.15,0.18416666666666665
0.06,0.6,0.3,0.15,0.192
0.07,0.6,0.3,0.15,0.20016666666666666
0.08,0.6,0.3,0.15,0.20866666666666667
0.09,0.6,0.3,0.15,0.2175
0.1,0.6,0.3,0.15,0.22666666666666666
0.11,0.6,0.3,0.15,0.23616666666666666
0.12,0.6,0.3,0.15,0.246
0.13,0.6,0.3,0.15,0.25616666666666665
0.14,0.6,0.3,0.15,0.26666666666666666
0.15,0.6,0.3,0.15,0.27749999999999997
0.16,0.6,0.3,0.15,0.2886666666666666
0.17,0.6,0.3,0.15,0.3001666666666667
0.18,0.6,0.3,0.15,0.312
0.19,0.6,0.3,0.15,0.32416666666666666
0.2,0.6,0.3,0.15,0.33666666666666667
0.21,0.6,0.3,0.15,0.34950000000000003
0.22,0.6,0.3,0.15,0.3626666666666667
0.23,0.6,0.3,0.15,0.37616666666666665
0.24,0.6,0.3,0.15,0.39
0.25,0.6,0.3,0.15,0.4041666666666667
0.26,0.6,0.3,0.15,0.41866666666666663
0.27,0.6,0.3,0.15,0.4335
0.28,0.6,0.3,0.15,0.44866666666666666
0.29,0.6,0.3,0.15,0.4641666666666666
0.3,0.6,0.3,0.15,0.48
0.31,0.6,0.3,0.15,0.49616666666666664
0.32,0.6,0.3,0.15,0.5126666666666667
0.33,0.6,0.3,0.15,0.5295000000000001
0.34,0.6,0.3,0.15,0.5466666666666667
0.35000000000000003,0.6,0.3,0.15,0.5641666666666667
0.36,0.6,0.3,0.15,0.582
0.37,0.6,0.3,0.15,0.6001666666666666
0.38,0.6,0.3,0.15,0.6186666666666667
0.39,0.6,0.3,0.15,0.6375000000000001
0.4,0.6,0.3,0.15,0.6566666666666667
0.41000000000000003,0.6,0.3,0.15,0.6761666666666667
0.42,0.6,0.3,0.15,0.6960000000000001
0.43,0.6,0.3,0.15,0.7161666666666667
0.44,0.6,0.3,0.15,0.7366666666666667
0.45,0.6,0.3,0.15,0.7575000000000001
0.46,0.6,0.3,0.15,0.7786666666666667
0.47000000000000003,0.6,0.3,0.15,0.8001666666666668
0.48,0.6,0.3,0.15,0.822
0.49,0.6,0.3,0.15,0.8441666666666666
0.5,0.6,0.3,0.15,0.8666666666666667
0.51,0.6,0.3,0.15,0.8895000000000001
0.52,0.6,0.3,0.15,0.9126666666666667
0.53,0.6,0.3,0.15,0.9361666666666667
0.54,0.6,0.3,0.15,0.9600000000000001
0.55,0.6,0.3,0.15,0.9841666666666667
0.56,0.6,0.3,0.15,1.0086666666666666
0.5700000000000001,0.6,0.3,0.15,1.0335
0.58,0.6,0.3,0.15,1.0586666666666666
0.59,0.6,0.3,0.15,1.0841666666666665
0.6,0.6,0.3,0.15,1.1099999999999999
0.61,0.6,0.3,0.15,1.1361666666666665
0.62,0.6,0.3,0.15,1.1626666666666665
0.63,0.6,0.3,0.15,1.1895
0.64,0.6,0.3,0.15,1.2166666666666668
0.65,0.6,0.3,0.15,1.2441666666666666
0.66,0.6,0.3,0.15,1.272
0.67,0.6,0.3,0.15,1.3001666666666667
0.68,0.6,0.3,0.15,1.3286666666666669
0.6900000000000001,0.6,0.3,0.15,1.3575000000000002
0.7000000000000001,0.6,0.3,0.15,1.3866666666666667
0.71,0.6,0.3,0.15,1.4161666666666666
0.72,0.6,0.3,0.15,1.446
0.73,0.6,0.3,0.15,1.4761666666666664
0.74,0.6,0.3,0.15,1.5066666666666666
0.75,0.6,0.3,0.15,1.5374999999999999
0.76,0.6,0.3,0.15,1.5686666666666667
0.77,0.6,0.3,0.15,1.6001666666666665
0.78,0.6,0.3,0.15,1.6320000000000001
0.79,0.6,0.3,0.15,1.6641666666666668
0.8,0.6,0.3,0.15,1.6966666666666668
0.81,0.6,0.3,0.15,1.7295000000000003
0.8200000000000001,0.6,0.3,0.15,1.7626666666666668
0.8300000000000001,0.6,0.3,0.15,1.7961666666666667
0.84,0.6,0.3,0.15,1.8299999999999998
0.85,0.6,0.3,0.15,1.8641666666666665
0.86,0.6,0.3,0.15,1.8986666666666665
0.87,0.6,0.3,0.15,1.9335
0.88,0.6,0.3,0.15,1.9686666666666666
0.89,0.6,0.3,0.15,2.004166666666667
0.9,0.6,0.3,0.15,2.04
0.91,0.6,0.3,0.15,2.076166666666667
0.92,0.6,0.3,0.15,2.1126666666666667
0.93,0.6,0.3,0.15,2.1495
0.9400000000000001,0.6,0.3,0.15,2.186666666666667
0.9500000000000001,0.6,0.3,0.15,2.2241666666666666
0.96,0.6,0.3,0.15,2.262
0.97,0.6,0.3,0.15,2.3001666666666667
0.98,0.6,0.3,0.15,2.3386666666666667
0.99,0.6,0.3,0.15,2.3775
1.0,0.6,0.3,0.15,2.4166666666666665
0.0,0.6,0.5,0.15,0.15
0.01,0.6,0.5,0.15,0.1561
0.02,0.6,0.5,0.15,0.1624
0.03,0.6,0.5,0.15,0.1689
0.04,0.6,0.5,0.15,0.1756
0.05,0.6,0.5,0.15,0.1825
0.06,0.6,0.5,0.15,0.1896
0.07,0.6,0.5,0.15,0.1969
0.08,0.6,0.5,0.15,0.2044
0.09,0.6,0.5,0.15,0.2121
0.1,0.6,0.5,0.15,0.22
0.11,0.6,0.5,0.15,0.2281
0.12,0.6,0.5,0.15,0.2364
0.13,0.6,0.5,0.15,0.2449
0.14,0.6,0.5,0.15,0.2536
0.15,0.6,0.5,0.15,0.26249999999999996
0.16,0.6,0.5,0.15,0.2716
0.17,0.6,0.5,0.15,0.28090000000000004
0.18,0.6,0.5,0.15,0.2904
0.19,0.6,0.5,0.15,0.3001
0.2,0.6,0.5,0.15,0.31
0.21,0.6,0.5,0.15,0.3201
0.22,0.6,0.5,0.15,0.3304
0.23,0.6,0.5,0.15,0.3409
0.24,0.6,0.5,0.15,0.3516
0.25,0.6,0.5,0.15,0.3625
0.26,0.6,0.5,0.15,0.37360000000000004
0.27,0.6,0.5,0.15,0.3849
0.28,0.6,0.5,0.15,0.3964
0.29,0.6,0.5,0.15,0.4081
0.3,0.6,0.5,0.15,0.42000000000000004
0.31,0.6,0.5,0.15,0.43210000000000004
0.32,0.6,0.5,0.15,0.4444
0.33,0.6,0.5,0.15,0.4569
0.34,0.6,0.5,0.15,0.4696
0.35000000000000003,0.6,0.5,0.15,0.48250000000000004
0.36,0.6,0.5,0.15,0.49560000000000004
0.37,0.6,0.5,0.15,0.5089
0.38,0.6,0.5,0.15,0.5224
0.39,0.6,0.5,0.15,0.5361
0.4,0.6,0.5,0.15,0.55
0.41000000000000003,0.6,0.5,0.15,0.5641
0.42,0.6,0.5,0.15,0.5784
0.43,0.6,0.5,0.15,0.5929
0.44,0.6,0.5,0.15,0.6076
0.45,0.6,0.5,0.15,0.6225
0.46,0.6,0.5,0.15,0.6376000000000001
0.47000000000000003,0.6,0.5,0.15,0.6529000000000001
0.48,0.6,0.5,0.15,0.6684
0.49,0.6,0.5,0.15,0.6841
0.5,0.6,0.5,0.15,0.7000000000000001
0.51,0.6,0.5,0.15,0.7161000000000001
0.52,0.6,0.5,0.15,0.7324
0.53,0.6,0.5,0.15,0.7489
0.54,0.6,0.5,0.15,0.7656000000000001
0.55,0.6,0.5,0.15,0.7825000000000001
0.56,0.6,0.5,0.15,0.7996000000000001
0.5700000000000001,0.6,0.5,0.15,0.8169000000000001
0.58,0.6,0.5,0.15,0.8343999999999999
0.59,0.6,0.5,0.15,0.8521
0.6,0.6,0.5,0.15,0.87
0.61,0.6,0.5,0.15,0.8881
0.62,0.6,0.5,0.15,0.9064
0.63,0.6,0.5,0.15,0.9249
0.64,0.6,0.5,0.15,0.9436000000000001
0.65,0.6,0.5,0.15,0.9625
0.66,0.6,0.5,0.15,0.9816000000000001
0.67,0.6,0.5,0.15,1.0009000000000001
0.68,0.6,0.5,0.15,1.0204
0.6900000000000001,0.6,0.5,0.15,1.0401
0.7000000000000001,0.6,0.5,0.15,1.06
0.71,0.6,0.5,0.15,1.0800999999999998
0.72,0.6,0.5,0.15,1.1003999999999998
0.73,0.6,0.5,0.15,1.1208999999999998
0.74,0.6,0.5,0.15,1.1416
0.75,0.6,0.5,0.15,1.1624999999999999
0.76,0.6,0.5,0.15,1.1835999999999998
0.77,0.6,0.5,0.15,1.2048999999999999
0.78,0.6,0.5,0.15,1.2264
0.79,0.6,0.5,0.15,1.2481
0.8,0.6,0.5,0.15,1.27
0.81,0.6,0.5,0.15,1.2921
0.8200000000000001,0.6,0.5,0.15,1.3144
0.8300000000000001,0.6,0.5,0.15,1.3369
0.84,0.6,0.5,0.15,1.3596
0.85,0.6,0.5,0.15,1.3824999999999998
0.86,0.6,0.5,0.15,1.4055999999999997
0.87,0.6,0.5,0.15,1.4289
0.88,0.6,0.5,0.15,1.4524
0.89,0.6,0.5,0.15,1.4761
0.9,0.6,0.5,0.15,1.5
0.91,0.6,0.5,0.15,1.5241
0.92,0.6,0.5,0.15,1.5484
0.93,0.6,0.5,0.15,1.5729000000000002
0.9400000000000001,0.6,0.5,0.15,1.5976000000000001
0.9500000000000001,0.6,0.5,0.15,1.6225
0.96,0.6,0.5,0.15,1.6475999999999997
0.97,0.6,0.5,0.15,1.6728999999999998
0.98,0.6,0.5,0.15,1.6984
0.99,0.6,0.5,0.15,1.7241
1.0,0.6,0.5,0.15,1.75
0.0,0.6,0.8,0.15,0.15
0.01,0.6,0.8,0.15,0.1560625
0.02,0.6,0.8,0.15,0.16225
0.03,0.6,0.8,0.15,0.1685625
0.04,0.6,0.8,0.15,0.175
0.05,0.6,0.8,0.15,0.1815625
0.06,0.6,0.8,0.15,0.18825
0.07,0.6,0.8,0.15,0.1950625
0.08,0.6,0.8,0.15,0.202
0.09,0.6,0.8,0.15,0.20906249999999998
0.1,0.6,0.8,0.15,0.21625
0.11,0.6,0.8,0.15,0.2235625
0.12,0.6,0.8,0.15,0.23099999999999998
0.13,0.6,0.8,0.15,0.2385625
0.14,0.6,0.8,0.15,0.24625
0.15,0.6,0.8,0.15,0.25406249999999997
0.16,0.6,0.8,0.15,0.262
0.17,0.6,0.8,0.15,0.2700625
0.18,0.6,0.8,0.15,0.27825
0.19,0.6,0.8,0.15,0.28656249999999994
0.2,0.6,0.8,0.15,0.295
0.21,0.6,0.8,0.15,0.30356249999999996
0.22,0.6,0.8,0.15,0.31225
0.23,0.6,0.8,0.15,0.32106250000000003
0.24,0.6,0.8,0.15,0.32999999999999996
0.25,0.6,0.8,0.15,0.3390625
0.26,0.6,0.8,0.15,0.34825
0.27,0.6,0.8,0.15,0.3575625
0.28,0.6,0.8,0.15,0.367
0.29,0.6,0.8,0.15,0.37656249999999997
0.3,0.6,0.8,0.15,0.38625
0.31,0.6,0.8,0.15,0.3960625
0.32,0.6,0.8,0.15,0.406
0.33,0.6,0.8,0.15,0.4160625
0.34,0.6,0.8,0.15,0.42625
0.35000000000000003,0.6,0.8,0.15,0.4365625000000001
0.36,0.6,0.8,0.15,0.44699999999999995
0.37,0.6,0.8,0.15,0.4575625
0.38,0.6,0.8,0.15,0.46824999999999994
0.39,0.6,0.8,0.15,0.47906249999999995
0.4,0.6,0.8,0.15,0.49
0.41000000000000003,0.6,0.8,0.15,0.5010625
0.42,0.6,0.8,0.15,0.51225
0.43,0.6,0.8,0.15,0.5235625
0.44,0.6,0.8,0.15,0.535
0.45,0.6,0.8,0.15,0.5465625000000001
0.46,0.6,0.8,0.15,0.55825
0.47000000000000003,0.6,0.8,0.15,0.5700625
0.48,0.6,0.8,0.15,0.582
0.49,0.6,0.8,0.15,0.5940624999999999
0.5,0.6,0.8,0.15,0.60625
0.51,0.6,0.8,0.15,0.6185625
0.52,0.6,0.8,0.15,0.631
0.53,0.6,0.8,0.15,0.6435625
0.54,0.6,0.8,0.15,0.65625
0.55,0.6,0.8,0.15,0.6690625
0.56,0.6,0.8,0.15,0.682
0.5700000000000001,0.6,0.8,0.15,0.6950625
0.58,0.6,0.8,0.15,0.7082499999999999
0.59,0.6,0.8,0.15,0.7215625
0.6,0.6,0.8,0.15,0.735
0.61,0.6,0.8,0.15,0.7485625
0.62,0.6,0.8,0.15,0.76225
0.63,0.6,0.8,0.15,0.7760625
0.64,0.6,0.8,0.15,0.79
0.65,0.6,0.8,0.15,0.8040625
0.66,0.6,0.8,0.15,0.81825
0.67,0.6,0.8,0.15,0.8325625000000001
0.68,0.6,0.8,0.15,0.8470000000000001
0.6900000000000001,0.6,0.8,0.15,0.8615625000000001
0.7000000000000001,0.6,0.8,0.15,0.8762500000000001
0.71,0.6,0.8,0.15,0.8910625
0.72,0.6,0.8,0.15,0.906
0.73,0.6,0.8,0.15,0.9210625
0.74,0.6,0.8,0.15,0.9362499999999999
0.75,0.6,0.8,0.15,0.9515625
0.76,0.6,0.8,0.15,0.967
0.77,0.6,0.8,0.15,0.9825624999999999
0.78,0.6,0.8,0.15,0.99825
0.79,0.6,0.8,0.15,1.0140624999999999
0.8,0.6,0.8,0.15,1.03
0.81,0.6,0.8,0.15,1.0460625
0.8200000000000001,0.6,0.8,0.15,1.06225
0.8300000000000001,0.6,0.8,0.15,1.0785624999999999
0.84,0.6,0.8,0.15,1.0949999999999998
0.85,0.6,0.8,0.15,1.1115624999999998
0.86,0.6,0.8,0.15,1.12825
0.87,0.6,0.8,0.15,1.1450624999999999
0.88,0.6,0.8,0.15,1.162
0.89,0.6,0.8,0.15,1.1790625
0.9,0.6,0.8,0.15,1.19625
0.91,0.6,0.8,0.15,1.2135625
0.92,0.6,0.8,0.15,1.2309999999999999
0.93,0.6,0.8,0.15,1.2485625
0.9400000000000001,0.6,0.8,0.15,1.2662499999999999
0.9500000000000001,0.6,0.8,0.15,1.2840625
0.96,0.6,0.8,0.15,1.3019999999999998
0.97,0.6,0.8,0.15,1.3200624999999997
0.98,0.6,0.8,0.15,1.33825
0.99,0.6,0.8,0.15,1.3565625
1.0,0.6,0.8,0.15,1.375
