key,citation_label,title,authors,year,venue,doi,url,source_type,source_ids,metadata_verification,source_audits,citation_text
alexander1989_c3c6fd,"Alexander and Maddocks, 1989",On the Kinematics of Wheeled Mobile Robots,"[""J.C. Alexander"", ""J.H. Maddocks""]",1989,"The International Journal of Robotics Research 8(5), 15–27",10.1177/027836498900800502,https://journals.sagepub.com/doi/10.1177/027836498900800502,research article,"[""M01""]","{""status"": ""DOI resolved and title compared"", ""provider"": ""Crossref"", ""raw_file"": ""verified_reference_metadata\\c3c6fd1d8242f0a0.json"", ""title_matches_at_least_0_7"": true}","[{""source_id"": ""M01"", ""audit_correction"": null, ""read_depth"": ""Publisher abstract and institutional manuscript introduction."", ""supports"": ""Planar wheel compatibility and coordinated steering/drive rates; wheel misalignment can cause slip."", ""limitations"": ""Ideal rolling assumptions do not certify rough-terrain traction or independently steerable hardware.""}]","Alexander, J. C., & Maddocks, J. H. (1989). On the Kinematics of Wheeled Mobile Robots. The International Journal of Robotics Research, 8(5), 15–27. https://doi.org/10.1177/027836498900800502"
alfano2020_6c5fd7,"Alfano et al., 2020",A Review of Low-Cost Particulate Matter Sensors from the Developers’ Perspectives,"[""Brigida Alfano"", ""Luigi Barretta"", ""Antonio Del Giudice"", ""Saverio De Vito"", ""Girolamo Di Francia"", ""Elena Esposito"", ""Fabrizio Formisano"", ""Ettore Massera"", ""Maria Lucia Miglietta"", ""Tiziana Polichetti""]",2020,Sensors,10.3390/s20236819,https://pmc.ncbi.nlm.nih.gov/articles/PMC7730878/,review,"[""R03""]","{""status"": ""DOI resolved and title compared"", ""provider"": ""Crossref"", ""raw_file"": ""verified_reference_metadata\\6c5fd72ffbacf7f9.json"", ""title_matches_at_least_0_7"": true}","[{""source_id"": ""R03"", ""audit_correction"": null, ""read_depth"": ""Indexed article excerpt; full page later returned an access challenge"", ""supports"": ""Sensor-developer view of low-cost particulate monitoring and Plantower-family evaluations."", ""limitations"": ""Treat calibration and comparison results as sensor-, aerosol-, and deployment-specific.""}]","Alfano, B., Barretta, L., Del Giudice, A., De Vito, S., Di Francia, G., Esposito, E., Formisano, F., Massera, E., Miglietta, M. L., & Polichetti, T. (2020). A Review of Low-Cost Particulate Matter Sensors from the Developers’ Perspectives. Sensors, 20(23), 6819. https://doi.org/10.3390/s20236819"
analogdevices2013_f3acfa,"Analog Devices, 2013",CN0326: Isolated Low Power pH Monitor with Temperature Compensation,"[""Analog Devices""]",2013,"Circuits from the Lab, CN0326",,https://www.analog.com/en/resources/reference-designs/circuits-from-the-lab/CN0326.html,manufacturer technical circuit note,"[""ADD03"", ""SEN26""]","{""status"": ""Primary-source audit; no DOI supplied"", ""provider"": null}","[{""source_id"": ""ADD03"", ""audit_correction"": null, ""read_depth"": ""Official technical page read, including circuit description, high-impedance input, guarding, temperature compensation, calibration, and test methods; source dated October 29, 2013."", ""supports"": ""pH electrodes require suitable high-input-impedance buffering, leakage control and temperature-aware calibration."", ""limitations"": ""This is a reference circuit, not evidence that the described circuit or its reported performance is implemented on Nemesis.""}, {""source_id"": ""SEN26"", ""audit_correction"": null, ""read_depth"": ""Full technical sections, buffer design, Nernst discussion, calibration, system noise and evaluation read"", ""supports"": ""High-impedance pH electrode buffering; input bias and guarding; ideal temperature-dependent electrode slope"", ""limitations"": ""Example circuit; its parts and performance must not be described as installed on A3P5""}]","Analog Devices (2013). CN0326: Isolated Low Power pH Monitor with Temperature Compensation. Circuits from the Lab, CN0326. https://www.analog.com/en/resources/reference-designs/circuits-from-the-lab/CN0326.html"
barkjohn2021_7ba5aa,"Barkjohn et al., 2021",Development and application of a United States-wide correction for PM 2.5 data collected with the PurpleAir sensor,"[""Karoline K. Barkjohn"", ""Brett Gantt"", ""Andrea L. Clements""]",2021,Atmospheric Measurement Techniques,10.5194/amt-14-4617-2021,https://doi.org/10.5194/amt-14-4617-2021,research article,"[""SEN12""]","{""status"": ""DOI resolved and title compared"", ""provider"": ""Crossref"", ""raw_file"": ""verified_reference_metadata\\7ba5aa03320fc92b.json"", ""title_matches_at_least_0_7"": true}","[{""source_id"": ""SEN12"", ""audit_correction"": null, ""read_depth"": ""Publisher abstract, model-development/validation/limitations sections, Figure 4 and license."", ""supports"": ""A relative-humidity term improved PurpleAir calibration; evaluation held out dates and states, and transferability remained geographically limited."", ""limitations"": ""US PMS5003/PurpleAir correction is not automatically applicable to a single PMS7003 on a moving rover.""}]","Barkjohn, K. K., Gantt, B., & Clements, A. L. (2021). Development and application of a United States-wide correction for PM 2.5 data collected with the PurpleAir sensor. Atmospheric Measurement Techniques, 14(6), 4617–4637. https://doi.org/10.5194/amt-14-4617-2021"
bthory2022_c26801,"Báthory et al., 2022",Low-cost monitoring of atmospheric PM—development and testing,"[""Csongor Báthory"", ""Zsolt Dobó"", ""Attila Garami"", ""Árpád Palotás"", ""Pál Tóth""]",2022,Journal of Environmental Management,10.1016/j.jenvman.2021.114158,https://www.sciencedirect.com/science/article/pii/S0301479721022209,empirical_sensor_evaluation,"[""R04""]","{""status"": ""DOI resolved and title compared"", ""provider"": ""Crossref"", ""raw_file"": ""verified_reference_metadata\\c2680195d2ae0d7f.json"", ""title_matches_at_least_0_7"": true}","[{""source_id"": ""R04"", ""audit_correction"": null, ""read_depth"": ""Publisher abstract and highlights"", ""supports"": ""Directly relevant PMS7003 evaluation involving controlled calibration and a 15-month field deployment."", ""limitations"": ""Results belong to that study and must not be quoted as A3P5 accuracy, reliability, or maintenance validation.""}]","Báthory, C., Dobó, Z., Garami, A., Palotás, Á., & Tóth, P. (2022). Low-cost monitoring of atmospheric PM—development and testing. Journal of Environmental Management, 304, 114158. https://doi.org/10.1016/j.jenvman.2021.114158"
boschsensortec2013_0d84c1,"Bosch Sensortec, 2013","BMP180 Digital Pressure Sensor Data Sheet, revision 2.5, BST-BMP180-DS000-09","[""Bosch Sensortec""]",2013,,,https://cdn-shop.adafruit.com/datasheets/BST-BMP180-DS000-09.pdf,manufacturer documentation,"[""SEN04""]","{""status"": ""Primary-source audit; no DOI supplied"", ""provider"": null}","[{""source_id"": ""SEN04"", ""audit_correction"": null, ""read_depth"": ""Manufacturer PDF sections 3.1–3.6 and 6.5 read. Distributor-hosted original manufacturer document."", ""supports"": ""Pressure/temperature outputs require sensor-specific EEPROM compensation; housing must be vented and protected from liquids/light/rapid heat changes. It does not measure humidity."", ""limitations"": ""Do not infer air humidity from BMP180. Barometric altitude depends on reference pressure and weather.""}]","Bosch Sensortec (2013). BMP180 Digital Pressure Sensor Data Sheet, revision 2.5, BST-BMP180-DS000-09. manufacturer documentation. https://cdn-shop.adafruit.com/datasheets/BST-BMP180-DS000-09.pdf"
breiman2001_75dc04,"Breiman, 2001",Random Forests,"[""Leo Breiman""]",2001,Machine Learning,10.1023/a:1010933404324,https://doi.org/10.1023/a:1010933404324,research article,"[""SEN21""]","{""status"": ""DOI resolved and title compared"", ""provider"": ""Crossref"", ""raw_file"": ""verified_reference_metadata\\75dc04bd80c4a93a.json"", ""title_matches_at_least_0_7"": true}","[{""source_id"": ""SEN21"", ""audit_correction"": null, ""read_depth"": ""Original publisher abstract and Crossref metadata."", ""supports"": ""Random forests aggregate randomized decision trees; suitable as a proposed nonlinear baseline after data collection."", ""limitations"": ""No random forest has been trained on rover logs.""}]","Breiman, L. (2001). Random Forests. Machine Learning, 45(1), 5–32. https://doi.org/10.1023/a:1010933404324"
burghi2024_cccce5,"Burghi et al., 2024",A general update rule for Lyapunov‐based adaptive control of mobile robots with wheel slip,"[""T. B. Burghi"", ""J. G. Iossaqui"", ""J. F. Camino""]",2024,International Journal of Adaptive Control and Signal Processing,10.1002/acs.3747,https://doi.org/10.1002/acs.3747,research article,"[""M03""]","{""status"": ""DOI resolved and title compared"", ""provider"": ""Crossref"", ""raw_file"": ""verified_reference_metadata\\cccce5864a26c361.json"", ""title_matches_at_least_0_7"": true}","[{""source_id"": ""M03"", ""audit_correction"": ""The original audit paired a 2021 arXiv title with a different journal title. The journal DOI/title/abstract were independently verified; no equivalence to arXiv:2105.06501 is asserted."", ""read_depth"": ""Publisher-deposited journal abstract and Crossref metadata independently read; earlier preprint association corrected."", ""supports"": ""Family of Lyapunov-based adaptive kinematic controllers for a differential-drive robot with longitudinal/lateral slip; assessed with numerical simulations."", ""limitations"": ""Differential-drive model and numerical evaluation are not evidence of Nemesis slip compensation; preprint/journal equivalence is unverified.""}]","Burghi, T. B., Iossaqui, J. G., & Camino, J. F. (2024). A general update rule for Lyapunov‐based adaptive control of mobile robots with wheel slip. International Journal of Adaptive Control and Signal Processing, 38(4), 1172–1198. https://doi.org/10.1002/acs.3747"
campos2021_973bd6,"Campos et al., 2021","ORB-SLAM3: An Accurate Open-Source Library for Visual, Visual–Inertial, and Multimap SLAM","[""Carlos Campos"", ""Richard Elvira"", ""Juan J. Gómez Rodríguez"", ""José M. M. Montiel"", ""Juan D. Tardós""]",2021,"IEEE Transactions on Robotics 37(6), 1874–1890",10.1109/tro.2021.3075644,https://doi.org/10.1109/TRO.2021.3075644,research article,"[""M11""]","{""status"": ""DOI resolved and title compared"", ""provider"": ""Crossref"", ""raw_file"": ""verified_reference_metadata\\973bd622c6b9699b.json"", ""title_matches_at_least_0_7"": true}","[{""source_id"": ""M11"", ""audit_correction"": null, ""read_depth"": ""Publisher abstract/introduction and author preprint abstract."", ""supports"": ""Candidate high-level visual-inertial localization stack with calibrated cameras, IMU and map reuse."", ""limitations"": ""Compute, calibration and sensor requirements are additional to Mega/ESP32; benchmark errors are not Nemesis accuracy.""}]","Campos, C., Elvira, R., Gómez Rodríguez, J. J., Montiel, J. M. M., & Tardós, J. D. (2021). ORB-SLAM3: An Accurate Open-Source Library for Visual, Visual–Inertial, and Multimap SLAM. IEEE Transactions on Robotics, 37(6), 1874–1890. https://doi.org/10.1109/tro.2021.3075644"
concas2021_57ba0a,"Concas et al., 2021",Low-Cost Outdoor Air Quality Monitoring and Sensor Calibration,"[""Francesco Concas"", ""Julien Mineraud"", ""Eemil Lagerspetz"", ""Samu Varjonen"", ""Xiaoli Liu"", ""Kai Puolamäki"", ""Petteri Nurmi"", ""Sasu Tarkoma""]",2021,ACM Transactions on Sensor Networks,10.1145/3446005,https://arxiv.org/abs/1912.06384,review,"[""R02""]","{""status"": ""DOI resolved and title compared"", ""provider"": ""Crossref archived census"", ""raw_file"": ""raw_crossref\\Q04_low_cost_particle_calibration.json"", ""title_matches_at_least_0_7"": true}","[{""source_id"": ""R02"", ""audit_correction"": null, ""read_depth"": ""Author preprint abstract and bibliographic record"", ""supports"": ""Starting survey for low-cost air sensor calibration, cross-sensitivity, environmental effects, and drift."", ""limitations"": ""Literature calibration methods do not provide calibration coefficients for the rover sensors.""}]","Concas, F., Mineraud, J., Lagerspetz, E., Varjonen, S., Liu, X., Puolamäki, K., Nurmi, P., & Tarkoma, S. (2021). Low-Cost Outdoor Air Quality Monitoring and Sensor Calibration. ACM Transactions on Sensor Networks, 17(2), 1–44. https://doi.org/10.1145/3446005"
devito2008_1548b8,"De Vito et al., 2008",On field calibration of an electronic nose for benzene estimation in an urban pollution monitoring scenario,"[""S. De Vito"", ""E. Massera"", ""M. Piga"", ""L. Martinotto"", ""G. Di Francia""]",2008,"Sensors and Actuators B: Chemical 129(2), 750–757",10.1016/j.snb.2007.09.060,https://www.sciencedirect.com/science/article/pii/S0925400507007691,research article,"[""ADD01"", ""SEN29""]","{""status"": ""DOI resolved and title compared"", ""provider"": ""Crossref"", ""raw_file"": ""verified_reference_metadata\\1548b81b3c1a655e.json"", ""title_matches_at_least_0_7"": true}","[{""source_id"": ""ADD01"", ""audit_correction"": null, ""read_depth"": ""Publisher indexed abstract, DOI/title/bibliographic record, and UCI dataset citation checked."", ""supports"": ""Neural calibration of a solid-state multisensor electronic nose for benzene estimation used conventional air-monitoring reference measurements and assessed prediction errors over an extended interval."", ""limitations"": ""Original urban electronic-nose study, not Nemesis hardware or field data; this does not supply calibration coefficients for MQ sensors.""}, {""source_id"": ""SEN29"", ""audit_correction"": null, ""read_depth"": ""Publisher bibliographic identity and abstract verified"", ""supports"": ""Original study associated with the UCI sensor archive; original task is benzene calibration"", ""limitations"": ""The present CO benchmark is a new reanalysis, not a replication of the original benzene model""}]","De Vito, S., Massera, E., Piga, M., Martinotto, L., & Di Francia, G. (2008). On field calibration of an electronic nose for benzene estimation in an urban pollution monitoring scenario. Sensors and Actuators B: Chemical, 129(2), 750–757. https://doi.org/10.1016/j.snb.2007.09.060"
dfrobotnd_97cee5,"DFRobot, n.d.-a",GUVA-S12SD UV Detection Sensor (TOY0044),"[""DFRobot""]",,,,https://wiki.dfrobot.com/toy0044/,manufacturer documentation,"[""SEN05""]","{""status"": ""Primary-source audit; no DOI supplied"", ""provider"": null}","[{""source_id"": ""SEN05"", ""audit_correction"": null, ""read_depth"": ""Official product specification page read."", ""supports"": ""GUVA-S12SD reference module detects 200–370 nm; module output conversion depends on analogue gain and calibration."", ""limitations"": ""TOY0044 is one GUVA-S12SD module, not a verified identification of the rover board. Spectral/angle calibration is needed before reporting defensible UV index.""}]",DFRobot (n.d.-a). GUVA-S12SD UV Detection Sensor (TOY0044). manufacturer documentation. https://wiki.dfrobot.com/toy0044/
dfrobotnd_78c693,"DFRobot, n.d.-b",Gravity: Analog Turbidity Sensor (SEN0189),"[""DFRobot""]",,,,https://wiki.dfrobot.com/sen0189,manufacturer documentation,"[""SEN07""]","{""status"": ""Primary-source audit; no DOI supplied"", ""provider"": null}","[{""source_id"": ""SEN07"", ""audit_correction"": null, ""read_depth"": ""Official specifications, reference description and pinout read."", ""supports"": ""Reference optical turbidity module provides analogue voltage or threshold output; voltage must be independently calibrated for quantitative interpretation."", ""limitations"": ""Reference design only; rover turbidity sensor model unverified. Do not equate generic voltage conversion with validated NTU or drinking-water safety.""}]",DFRobot (n.d.-b). Gravity: Analog Turbidity Sensor (SEN0189). manufacturer documentation. https://wiki.dfrobot.com/sen0189
dfrobotnd_d39862,"DFRobot, n.d.-c",Gravity: Analog pH Sensor V2 (SEN0161-V2),"[""DFRobot""]",,,,https://wiki.dfrobot.com/sen0161-v2,manufacturer documentation,"[""SEN06""]","{""status"": ""Primary-source audit; no DOI supplied"", ""provider"": null}","[{""source_id"": ""SEN06"", ""audit_correction"": null, ""read_depth"": ""Official specifications and calibration FAQ read."", ""supports"": ""Official reference implementation recommends two-point buffer calibration to identify both offset and slope; fresh standards and repeated calibration are required."", ""limitations"": ""Reference design only: supplied rover description does not identify the actual pH module model.""}]",DFRobot (n.d.-c). Gravity: Analog pH Sensor V2 (SEN0161-V2). manufacturer documentation. https://wiki.dfrobot.com/sen0161-v2
fonollosa2015_c4b951,"Fonollosa, 2015",Gas sensor array under dynamic gas mixtures,"[""Jordi Fonollosa""]",2015,UCI Machine Learning Repository,10.24432/c5wp4c,https://archive.ics.uci.edu/dataset/322/gas+sensor+array+under+dynamic+gas+mixtures,experimental_sensor_dataset,"[""R10""]","{""status"": ""DOI resolved and title compared"", ""provider"": ""DataCite"", ""raw_file"": ""verified_reference_metadata\\c4b951401a5836ee.json"", ""title_matches_at_least_0_7"": true}","[{""source_id"": ""R10"", ""audit_correction"": null, ""read_depth"": ""Official UCI dataset metadata and variable description"", ""supports"": ""UCI reports continuous recordings from 16 Figaro sensors under varying methane/ethylene and CO/ethylene mixtures; useful for response-delay and cross-sensitivity methods."", ""limitations"": ""Not MQ-series hardware or a rover field benchmark. The page contains a legacy research-only note alongside a CC BY 4.0 label; resolve terms before reuse beyond this bibliographic recommendation.""}]","Fonollosa, J. (2015). Gas sensor array under dynamic gas mixtures. UCI Machine Learning Repository. https://doi.org/10.24432/c5wp4c"
fox1997_7c8b94,"Fox et al., 1997",The dynamic window approach to collision avoidance,"[""D. Fox"", ""W. Burgard"", ""S. Thrun""]",1997,"IEEE Robotics & Automation Magazine 4(1), 23–33",10.1109/100.580977,https://publications.ri.cmu.edu/the-dynamic-window-approach-to-collision-avoidance,research article,"[""M09""]","{""status"": ""DOI resolved and title compared"", ""provider"": ""Crossref"", ""raw_file"": ""verified_reference_metadata\\7c8b947bba19aeaf.json"", ""title_matches_at_least_0_7"": true}","[{""source_id"": ""M09"", ""audit_correction"": null, ""read_depth"": ""Author institutional publication record and indexed abstract."", ""supports"": ""Local collision avoidance should respect feasible velocity/acceleration and braking constraints."", ""limitations"": ""Original synchro-drive setting; 4WIS steering rate and footprint constraints need a custom feasible-command layer.""}]","Fox, D., Burgard, W., & Thrun, S. (1997). The dynamic window approach to collision avoidance. IEEE Robotics & Automation Magazine, 4(1), 23–33. https://doi.org/10.1109/100.580977"
francis2022_99d7b7,"Francis et al., 2022",Gas source localization and mapping with mobile robots: A review,"[""Adam Francis"", ""Shuai Li"", ""Christian Griffiths"", ""Johann Sienz""]",2022,Journal of Field Robotics,10.1002/rob.22109,https://onlinelibrary.wiley.com/doi/full/10.1002/rob.22109,review,"[""R01""]","{""status"": ""DOI resolved and title compared"", ""provider"": ""Crossref archived census"", ""raw_file"": ""raw_crossref\\Q03_robotic_gas_mapping.json"", ""title_matches_at_least_0_7"": true}","[{""source_id"": ""R01"", ""audit_correction"": null, ""read_depth"": ""Publisher abstract and selected platform/mapping/discussion sections"", ""supports"": ""Primary starting review for gas-sensing hardware, ground and aerial platforms, source localization, distribution mapping, and informative path planning."", ""limitations"": ""Gas mapping needs spatial localization and a measurement model; onboard gas sensing alone does not demonstrate autonomous source localization.""}]","Francis, A., Li, S., Griffiths, C., & Sienz, J. (2022). Gas source localization and mapping with mobile robots: A review. Journal of Field Robotics, 39(8), 1341–1373. https://doi.org/10.1002/rob.22109"
gongora2023_ca6a1d,"Gongora et al., 2023",Information-Driven Gas Distribution Mapping for Autonomous Mobile Robots,"[""Andres Gongora"", ""Javier Monroy"", ""Faezeh Rahbar"", ""Chiara Ercolani"", ""Javier Gonzalez-Jimenez"", ""Alcherio Martinoli""]",2023,Sensors,10.3390/s23125387,https://doi.org/10.3390/s23125387,research article,"[""SEN14""]","{""status"": ""DOI resolved and title compared"", ""provider"": ""Crossref archived census"", ""raw_file"": ""raw_crossref\\Q03_robotic_gas_mapping.json"", ""title_matches_at_least_0_7"": true}","[{""source_id"": ""SEN14"", ""audit_correction"": null, ""read_depth"": ""Primary paper indexed full-text sections 1,3,4,5 and conclusions; Crossref metadata."", ""supports"": ""Information-driven mapping combines gas/wind probabilistic maps with action selection by expected information; wind-tunnel and simulation evaluation support the method."", ""limitations"": ""Requires localization, wind data and computation not established on current A3P5 electronics; proposed future architecture.""}]","Gongora, A., Monroy, J., Rahbar, F., Ercolani, C., Gonzalez-Jimenez, J., & Martinoli, A. (2023). Information-Driven Gas Distribution Mapping for Autonomous Mobile Robots. Sensors, 23(12), 5387. https://doi.org/10.3390/s23125387"
habibian2021_bdac2f,"Habibian et al., 2021",Design and implementation of a maxi-sized mobile robot (Karo) for rescue missions,"[""Soheil Habibian"", ""Mehdi Dadvar"", ""Behzad Peykari"", ""Alireza Hosseini"", ""M. Hossein Salehzadeh"", ""Alireza H. M. Hosseini"", ""Farshid Najafi""]",2021,"ROBOMECH Journal 8, 1",10.1186/s40648-020-00188-9,https://link.springer.com/article/10.1186/s40648-020-00188-9,research article,"[""M17""]","{""status"": ""DOI resolved and title compared"", ""provider"": ""Crossref"", ""raw_file"": ""verified_reference_metadata\\bdac2f05e74522d5.json"", ""title_matches_at_least_0_7"": true}","[{""source_id"": ""M17"", ""audit_correction"": null, ""read_depth"": ""Publisher full-text sections: conceptual/mechanical design, torque, manipulation, figure captions and rights. Correction also checked."", ""supports"": ""Integrated rescue platform comparison; modular mechanical design, manipulator workspace, actuator sizing and structured evaluation."", ""limitations"": ""Tracked four-flipper platform differs fundamentally from Nemesis; don't transplant dimensional results. Arm torque paragraph has apparent numerical/notation inconsistencies, so independently recompute.""}]","Habibian, S., Dadvar, M., Peykari, B., Hosseini, A., Salehzadeh, M. H., Hosseini, A. H. M., & Najafi, F. (2021). Design and implementation of a maxi-sized mobile robot (Karo) for rescue missions. ROBOMECH Journal, 8(1), 1. https://doi.org/10.1186/s40648-020-00188-9"
hoerl1970_31b919,"Hoerl and Kennard, 1970",Ridge Regression: Biased Estimation for Nonorthogonal Problems,"[""Arthur E. Hoerl"", ""Robert W. Kennard""]",1970,"Technometrics 12(1), 55–67",10.1080/00401706.1970.10488634,https://www.tandfonline.com/doi/abs/10.1080/00401706.1970.10488634,research article,"[""ADD02""]","{""status"": ""DOI resolved and title compared"", ""provider"": ""Crossref"", ""raw_file"": ""verified_reference_metadata\\31b91919ff2ce949.json"", ""title_matches_at_least_0_7"": true}","[{""source_id"": ""ADD02"", ""audit_correction"": null, ""read_depth"": ""DOI bibliographic metadata checked; original abstract indexed by a scholarly index and authors’ later publisher abstract describe the 1970 method. Direct publisher page returned 403; full text not read."", ""supports"": ""Foundational ridge-regression estimator adds a positive regularization term to the normal-equation diagonal for correlated predictors."", ""limitations"": ""Cite the original 1970 DOI, not the separately registered 2000 reprint. Predictive performance must be assessed on the chosen dataset.""}]","Hoerl, A. E., & Kennard, R. W. (1970). Ridge Regression: Biased Estimation for Nonorthogonal Problems. Technometrics, 12(1), 55–67. https://doi.org/10.1080/00401706.1970.10488634"
howard2007_4ec0ac,"Howard and Kelly, 2007",Optimal Rough Terrain Trajectory Generation for Wheeled Mobile Robots,"[""Thomas M. Howard"", ""Alonzo Kelly""]",2007,"The International Journal of Robotics Research 26(2), 141–166",10.1177/0278364906075328,https://publications.ri.cmu.edu/optimal-rough-terrain-trajectory-generation-for-wheeled-mobile-robots,research article,"[""M08""]","{""status"": ""DOI resolved and title compared"", ""provider"": ""Crossref"", ""raw_file"": ""verified_reference_metadata\\4ec0acf7c4ee2b37.json"", ""title_matches_at_least_0_7"": true}","[{""source_id"": ""M08"", ""audit_correction"": null, ""read_depth"": ""Author institutional abstract and manuscript abstract."", ""supports"": ""Forward-model trajectory optimization can include propulsion, suspension, wheel-terrain interaction and constraints."", ""limitations"": ""A rendered route is not an optimization result; calibrated forward models are required.""}]","Howard, T. M., & Kelly, A. (2007). Optimal Rough Terrain Trajectory Generation for Wheeled Mobile Robots. The International Journal of Robotics Research, 26(2), 141–166. https://doi.org/10.1177/0278364906075328"
iagnemma2004_9f7418,"Iagnemma and Dubowsky, 2004",Traction Control of Wheeled Robotic Vehicles in Rough Terrain with Application to Planetary Rovers,"[""Karl Iagnemma"", ""Steven Dubowsky""]",2004,"The International Journal of Robotics Research 23(10–11), 1029–1040",10.1177/0278364904047392,https://journals.sagepub.com/doi/10.1177/0278364904047392,research article,"[""M06""]","{""status"": ""DOI resolved and title compared"", ""provider"": ""Crossref"", ""raw_file"": ""verified_reference_metadata\\9f74183bdcfcc56c.json"", ""title_matches_at_least_0_7"": true}","[{""source_id"": ""M06"", ""audit_correction"": null, ""read_depth"": ""Publisher abstract and author laboratory publication record."", ""supports"": ""Terrain/contact-aware wheel torque allocation, redundant actuation and traction/power objectives."", ""limitations"": ""Needs terrain/contact estimates and suitable feedback; simple friction-cap calculations are only screening bounds.""}]","Iagnemma, K., & Dubowsky, S. (2004). Traction Control of Wheeled Robotic Vehicles in Rough Terrain with Application to Planetary Rovers. The International Journal of Robotics Research, 23(10-11), 1029–1040. https://doi.org/10.1177/0278364904047392"
iagnemma2002_d6104f,"Iagnemma et al., 2002",On-line terrain parameter estimation for planetary rovers,"[""K. Iagnemma"", ""H. Shibly"", ""S. Dubowsky""]",2002,"Proceedings IEEE International Conference on Robotics and Automation 3, 3142–3147",10.1109/robot.2002.1013710,https://hh.diva-portal.org/smash/record.jsf?pid=diva2%3A586704,research article,"[""M07""]","{""status"": ""DOI resolved and title compared"", ""provider"": ""Crossref"", ""raw_file"": ""verified_reference_metadata\\d6104f235b43f692.json"", ""title_matches_at_least_0_7"": true}","[{""source_id"": ""M07"", ""audit_correction"": null, ""read_depth"": ""University repository abstract and bibliography."", ""supports"": ""Onboard terrain identification links rover measurements to traversability and traction prediction."", ""limitations"": ""Loose-sand results depend on sensors and soil models; do not borrow parameters for the photographed tires.""}]","Iagnemma, K., Shibly, H., & Dubowsky, S. (2002). On-line terrain parameter estimation for planetary rovers. Proceedings 2002 IEEE International Conference on Robotics and Automation (Cat. No.02CH37292), 3, 3142–3147. https://doi.org/10.1109/robot.2002.1013710"
jacoff2011_f3689d,"Jacoff et al., 2011",Comprehensive Standard Test Suites for the Performance Evaluation of Mobile Robots,"[""Adam S. Jacoff"", ""Hui-Min Huang"", ""Elena R. Messina"", ""Ann M. Virts"", ""Anthony J. Downs""]",2011,Proceedings of the 2010 Performance Metrics for Intelligent Systems Workshop,,https://www.nist.gov/publications/comprehensive-standard-test-suites-performance-evaluation-mobile-robots,official institutional page,"[""M15""]","{""status"": ""Primary-source audit; no DOI supplied"", ""provider"": null}","[{""source_id"": ""M15"", ""audit_correction"": null, ""read_depth"": ""NIST publication abstract."", ""supports"": ""Repeatable mobility, sensing, communication, manipulation, energy and interface evaluation."", ""limitations"": ""Proposed use of test methods is not certification or proof of standards compliance.""}]","Adam S. Jacoff, Hui-Min Huang, Elena R. Messina, Ann M. Virts, & Anthony J. Downs (2011). Comprehensive Standard Test Suites for the Performance Evaluation of Mobile Robots. Proceedings of the 2010 Performance Metrics for Intelligent Systems Workshop. https://www.nist.gov/publications/comprehensive-standard-test-suites-performance-evaluation-mobile-robots"
jayaratne2018_d2f9d3,"Jayaratne et al., 2018",The influence of humidity on the performance of a low-cost air particle mass sensor and the effect of atmospheric fog,"[""Rohan Jayaratne"", ""Xiaoting Liu"", ""Phong Thai"", ""Matthew Dunbabin"", ""Lidia Morawska""]",2018,Atmospheric Measurement Techniques,10.5194/amt-11-4883-2018,https://doi.org/10.5194/amt-11-4883-2018,research article,"[""SEN08""]","{""status"": ""DOI resolved and title compared"", ""provider"": ""Crossref"", ""raw_file"": ""verified_reference_metadata\\d2f9d33c58e63429.json"", ""title_matches_at_least_0_7"": true}","[{""source_id"": ""SEN08"", ""audit_correction"": null, ""read_depth"": ""Full publisher HTML: methods, laboratory results, field results, Figure 2 and license."", ""supports"": ""Humidity and fog increase apparent optical PM readings; PMS1003 laboratory deviations began around 75–80% RH."", ""limitations"": ""PMS1003 evidence is mechanistically relevant but not a PMS7003 calibration.""}]","Jayaratne, R., Liu, X., Thai, P., Dunbabin, M., & Morawska, L. (2018). The influence of humidity on the performance of a low-cost air particle mass sensor and the effect of atmospheric fog. Atmospheric Measurement Techniques, 11(8), 4883–4890. https://doi.org/10.5194/amt-11-4883-2018"
jcgm2008_0d3206,"JCGM, 2008",Evaluation of measurement data — Guide to the expression of uncertainty in measurement,"[""Joint Committee for Guides in Metrology""]",2008,JCGM 100:2008(E),10.59161/jcgm100-2008e,https://www.bipm.org/en/doi/10.59161/jcgm100-2008e,metrology guide,"[""ADD04"", ""SEN27""]","{""status"": ""DOI resolved and title compared"", ""provider"": ""Crossref"", ""raw_file"": ""verified_reference_metadata\\0d3206fdc11fd2db.json"", ""title_matches_at_least_0_7"": true}","[{""source_id"": ""ADD04"", ""audit_correction"": null, ""read_depth"": ""Official BIPM publication and DOI landing metadata verified; used for the general measurement-uncertainty framework, not a claim of full-document review."", ""supports"": ""General framework for evaluating and expressing measurement uncertainty."", ""limitations"": ""A cited framework does not constitute a completed uncertainty budget; the 2008 guide is identified explicitly, and the publisher also lists a 2026 amendment on nonlinear models.""}, {""source_id"": ""SEN27"", ""audit_correction"": null, ""read_depth"": ""Official BIPM publication identity, version, DOI and citation verified; generic first-order uncertainty framework only"", ""supports"": ""Measurement model and propagation of input uncertainty"", ""limitations"": ""No numerical A3P5 uncertainty evaluated. BIPM lists a 2026 nonlinearity amendment; manuscript uses the explicitly first-order 2008 framework.""}]",Joint Committee for Guides in Metrology (2008). Evaluation of measurement data — Guide to the expression of uncertainty in measurement. JCGM 100:2008(E). https://doi.org/10.59161/jcgm100-2008e
kapoor2023_8dd715,"Kapoor and Narayanan, 2023",Leakage and the reproducibility crisis in machine-learning-based science,"[""Sayash Kapoor"", ""Arvind Narayanan""]",2023,Patterns,10.1016/j.patter.2023.100804,https://doi.org/10.1016/j.patter.2023.100804,research article,"[""SEN19""]","{""status"": ""DOI resolved and title compared"", ""provider"": ""Crossref"", ""raw_file"": ""verified_reference_metadata\\8dd715dd984f7e49.json"", ""title_matches_at_least_0_7"": true}","[{""source_id"": ""SEN19"", ""audit_correction"": null, ""read_depth"": ""Primary article abstract, framework and resource-availability excerpts; author repository; Crossref metadata."", ""supports"": ""Training/test leakage can produce optimistic scientific ML results; explicit model-information reporting exposes leakage pathways."", ""limitations"": ""Supports validation design rather than any model score.""}]","Kapoor, S., & Narayanan, A. (2023). Leakage and the reproducibility crisis in machine-learning-based science. Patterns, 4(9), 100804. https://doi.org/10.1016/j.patter.2023.100804"
karaman2011_628fd9,"Karaman and Frazzoli, 2011",Sampling-based algorithms for optimal motion planning,"[""Sertac Karaman"", ""Emilio Frazzoli""]",2011,"The International Journal of Robotics Research 30(7), 846–894",10.1177/0278364911406761,https://arxiv.org/abs/1105.1186,research article,"[""M13""]","{""status"": ""DOI resolved and title compared"", ""provider"": ""Crossref"", ""raw_file"": ""verified_reference_metadata\\628fd9c64b235952.json"", ""title_matches_at_least_0_7"": true}","[{""source_id"": ""M13"", ""audit_correction"": null, ""read_depth"": ""Author abstract and metadata."", ""supports"": ""RRT*/PRM* establish an asymptotically optimal planning baseline under stated assumptions."", ""limitations"": ""Asymptotic optimality does not guarantee a finite-time optimal, executable rover route.""}]","Karaman, S., & Frazzoli, E. (2011). Sampling-based algorithms for optimal motion planning. The International Journal of Robotics Research, 30(7), 846–894. https://doi.org/10.1177/0278364911406761"
khatib1986_7a3c67,"Khatib, 1986",Real-Time Obstacle Avoidance for Manipulators and Mobile Robots,"[""Oussama Khatib""]",1986,"The International Journal of Robotics Research 5(1), 90–98",10.1177/027836498600500106,https://khatib.stanford.edu/publications/pdfs/Khatib_1986_IJRR.pdf,research article,"[""M10""]","{""status"": ""DOI resolved and title compared"", ""provider"": ""Crossref"", ""raw_file"": ""verified_reference_metadata\\7a3c674bbbeefb16.json"", ""title_matches_at_least_0_7"": true}","[{""source_id"": ""M10"", ""audit_correction"": null, ""read_depth"": ""Publisher abstract and author-hosted PDF indexed introduction."", ""supports"": ""Artificial potential fields and operational-space obstacle avoidance provide a classical baseline."", ""limitations"": ""A local reactive field does not by itself establish globally complete or deadlock-free navigation.""}]","Khatib, O. (1986). Real-Time Obstacle Avoidance for Manipulators and Mobile Robots. The International Journal of Robotics Research, 5(1), 90–98. https://doi.org/10.1177/027836498600500106"
labb2019_d34c3f,"Labbé and Michaud, 2019",RTAB‐Map as an open‐source lidar and visual simultaneous localization and mapping library for large‐scale and long‐term online operation,"[""Mathieu Labbé"", ""François Michaud""]",2019,"Journal of Field Robotics 36(2), 416–446",10.1002/rob.21831,https://introlab.github.io/rtabmap/,research article,"[""M12""]","{""status"": ""DOI resolved and title compared"", ""provider"": ""Crossref"", ""raw_file"": ""verified_reference_metadata\\d34c3fdc4e5185bb.json"", ""title_matches_at_least_0_7"": true}","[{""source_id"": ""M12"", ""audit_correction"": null, ""read_depth"": ""Official project bibliography and author-uploaded abstract."", ""supports"": ""Practical lidar/visual SLAM alternatives and resource-aware long-term map management."", ""limitations"": ""ArXiv upload 2024 is not journal publication year; choose one stack experimentally rather than claim both implemented.""}]","Labbé, M., & Michaud, F. (2019). RTAB‐Map as an open‐source lidar and visual simultaneous localization and mapping library for large‐scale and long‐term online operation. Journal of Field Robotics, 36(2), 416–446. https://doi.org/10.1002/rob.21831"
lee2015_5bfa55,"Lee and Li, 2015","Kinematics, dynamics and control design of 4WIS4WID mobile robots","[""Ming‐Han Lee"", ""Tzuu‐Hseng S. Li""]",2015,"The Journal of Engineering 2015(1), 6–16",10.1049/joe.2014.0241,https://ietresearch.onlinelibrary.wiley.com/doi/abs/10.1049/joe.2014.0241,research article,"[""M02""]","{""status"": ""DOI resolved and title compared"", ""provider"": ""Crossref"", ""raw_file"": ""verified_reference_metadata\\5bfa55cdc617118b.json"", ""title_matches_at_least_0_7"": true}","[{""source_id"": ""M02"", ""audit_correction"": null, ""read_depth"": ""Publisher abstract, introduction and section listing."", ""supports"": ""Four steering and four drive actuators require coordinated control; kinematic and dynamic tracking architecture."", ""limitations"": ""Reported verification is simulation; neither controller performance nor steering range transfers to Nemesis.""}]","Lee, M. H., & Li, T. H. S. (2015). Kinematics, dynamics and control design of 4WIS4WID mobile robots. The Journal of Engineering, 2015(1), 6–16. https://doi.org/10.1049/joe.2014.0241"
lin2023_f90829,"Lin et al., 2023",Laboratory and field evaluation of a low-cost methane sensor and key environmental factors for sensor calibration,"[""Joyce J. Y. Lin"", ""Colby Buehler"", ""Abhirup Datta"", ""Drew R. Gentner"", ""Kirsten Koehler"", ""Misti Levy Zamora""]",2023,Environmental Science: Atmospheres,10.1039/d2ea00100d,https://pubs.rsc.org/en/content/articlelanding/2023/ea/d2ea00100d,research article,"[""SEN24""]","{""status"": ""DOI resolved and title compared"", ""provider"": ""Crossref archived census"", ""raw_file"": ""raw_crossref\\Q04_low_cost_particle_calibration.json"", ""title_matches_at_least_0_7"": true}","[{""source_id"": ""SEN24"", ""audit_correction"": null, ""read_depth"": ""Primary publisher abstract and license read."", ""supports"": ""Unit-specific calibration and CO, temperature and humidity covariates affected low-cost methane performance; seasonal validation changed results."", ""limitations"": ""Study sensor was Figaro TGS2600, not MQ4. Evidence supports calibration/interference testing, not transferred accuracy.""}]","Lin, J. J. Y., Buehler, C., Datta, A., Gentner, D. R., Koehler, K., & Zamora, M. L. (2023). Laboratory and field evaluation of a low-cost methane sensor and key environmental factors for sensor calibration. Environmental Science: Atmospheres, 3(4), 683–694. https://doi.org/10.1039/d2ea00100d"
liu2012_0ef0af,"Liu et al., 2012",Isolation-Based Anomaly Detection,"[""Fei Tony Liu"", ""Kai Ming Ting"", ""Zhi-Hua Zhou""]",2012,ACM Transactions on Knowledge Discovery from Data,10.1145/2133360.2133363,https://doi.org/10.1145/2133360.2133363,research article,"[""SEN22""]","{""status"": ""DOI resolved and title compared"", ""provider"": ""Crossref"", ""raw_file"": ""verified_reference_metadata\\0ef0af53e5122fca.json"", ""title_matches_at_least_0_7"": true}","[{""source_id"": ""SEN22"", ""audit_correction"": null, ""read_depth"": ""Original publisher abstract, author manuscript overview and Crossref metadata."", ""supports"": ""Isolation Forest detects unusual observations through their ease of isolation in random trees."", ""limitations"": ""An anomaly score identifies unusualness, not a confirmed pollutant or environmental hazard.""}]","Liu, F. T., Ting, K. M., & Zhou, Z. H. (2012). Isolation-Based Anomaly Detection. ACM Transactions on Knowledge Discovery from Data, 6(1), 1–39. https://doi.org/10.1145/2133360.2133363"
manjakkal2021_88dc90,"Manjakkal et al., 2021","Connected Sensors, Innovative Sensor Deployment, and Intelligent Data Analysis for Online Water Quality Monitoring","[""Libu Manjakkal"", ""Srinjoy Mitra"", ""Yvan R. Petillot"", ""Jamie Shutler"", ""E. Marian Scott"", ""Magnus Willander"", ""Ravinder Dahiya""]",2021,IEEE Internet of Things Journal,10.1109/jiot.2021.3081772,https://researchportal.hw.ac.uk/en/publications/connected-sensors-innovative-sensor-deployment-and-intelligent-da/,review,"[""R05""]","{""status"": ""DOI resolved and title compared"", ""provider"": ""Crossref"", ""raw_file"": ""verified_reference_metadata\\88dc90ee3d4bdb30.json"", ""title_matches_at_least_0_7"": true}","[{""source_id"": ""R05"", ""audit_correction"": null, ""read_depth"": ""Author institution bibliographic record and abstract"", ""supports"": ""Overview linking water sensor parameters, deployment using autonomous platforms, and online data analysis."", ""limitations"": ""A wheeled rover requires a specified sampling interface; aquatic-vehicle results are context rather than direct evidence for this chassis.""}]","Manjakkal, L., Mitra, S., Petillot, Y. R., Shutler, J., Scott, E. M., Willander, M., & Dahiya, R. (2021). Connected Sensors, Innovative Sensor Deployment, and Intelligent Data Analysis for Online Water Quality Monitoring. IEEE Internet of Things Journal, 8(18), 13805–13824. https://doi.org/10.1109/jiot.2021.3081772"
melo2019_023727,"Melo et al., 2019",Development of a Robotic Airboat for Online Water Quality Monitoring in Lakes,"[""Marcelo Melo"", ""Francisco Mota"", ""Victor Albuquerque"", ""Auzuir Alexandria""]",2019,Robotics,10.3390/robotics8010019,https://doi.org/10.3390/robotics8010019,research article,"[""SEN18""]","{""status"": ""DOI resolved and title compared"", ""provider"": ""Crossref archived census"", ""raw_file"": ""raw_crossref\\Q06_robotic_water_quality.json"", ""title_matches_at_least_0_7"": true}","[{""source_id"": ""SEN18"", ""audit_correction"": null, ""read_depth"": ""Publisher abstract and Crossref metadata."", ""supports"": ""An autonomous surface vehicle provides a precedent for geolocated online water-quality sampling."", ""limitations"": ""Aquatic airboat, not ground rover. Do not imply A3P5 is amphibious.""}]","Melo, M., Mota, F., Albuquerque, V., & Alexandria, A. (2019). Development of a Robotic Airboat for Online Water Quality Monitoring in Lakes. Robotics, 8(1), 19. https://doi.org/10.3390/robotics8010019"
mohamed2025_7d0710,"Mohamed et al., 2025",Development of a Four Omni-Wheeled Mobile Robot Using Telescopic Legs,"[""Shuaiby Mohamed"", ""Venkatesan Vellaiyan"", ""Kangmin Kim"", ""Youngshik Kim"", ""Buhyun Shin""]",2025,"Machines 13(4), 292",10.3390/machines13040292,https://www.mdpi.com/2075-1702/13/4/292,research article,"[""M19""]","{""status"": ""DOI resolved and title compared"", ""provider"": ""Crossref"", ""raw_file"": ""verified_reference_metadata\\7d071077cbf0c573.json"", ""title_matches_at_least_0_7"": true}","[{""source_id"": ""M19"", ""audit_correction"": null, ""read_depth"": ""Publisher full-text/PDF system-design, kinematic sections, Figure 1 and license."", ""supports"": ""Comparable low-cost controller integration and explicit 3D-to-prototype documentation; active leg design versus fixed rover architecture."", ""limitations"": ""Omni-wheel and telescopic-leg kinematics do not apply to Nemesis conventional tires; no inferred stair-climbing claim.""}]","Mohamed, S., Vellaiyan, V., Kim, K., Kim, Y., & Shin, B. (2025). Development of a Four Omni-Wheeled Mobile Robot Using Telescopic Legs. Machines, 13(4), 292. https://doi.org/10.3390/machines13040292"
monroy2017_e93884,"Monroy et al., 2017",GADEN: A 3D Gas Dispersion Simulator for Mobile Robot Olfaction in Realistic Environments,"[""Javier Monroy"", ""Victor Hernandez-Bennetts"", ""Han Fan"", ""Achim Lilienthal"", ""Javier Gonzalez-Jimenez""]",2017,Sensors,10.3390/s17071479,https://doi.org/10.3390/s17071479,research article,"[""SEN13"", ""R06""]","{""status"": ""DOI resolved and title compared"", ""provider"": ""Crossref"", ""raw_file"": ""verified_reference_metadata\\e93884e0a21e4a3e.json"", ""title_matches_at_least_0_7"": true}","[{""source_id"": ""SEN13"", ""audit_correction"": null, ""read_depth"": ""Original author project documentation, citation metadata; article abstract level."", ""supports"": ""GADEN combines 3D wind/filament dispersion and simulated gas sensors to test robotic olfaction in realistic geometry."", ""limitations"": ""Blender staging is not GADEN/CFD simulation and cannot supply validated concentration fields.""}, {""source_id"": ""R06"", ""audit_correction"": null, ""read_depth"": ""Official project README and supplied citation"", ""supports"": ""Reproducible gas-dispersion and gas-sensor simulation framework for future navigation and olfaction experiments."", ""limitations"": ""A simulator supports controlled algorithm comparisons; it does not validate physical sensor response or field performance.""}]","Monroy, J., Hernandez-Bennetts, V., Fan, H., Lilienthal, A., & Gonzalez-Jimenez, J. (2017). GADEN: A 3D Gas Dispersion Simulator for Mobile Robot Olfaction in Realistic Environments. Sensors, 17(7), 1479. https://doi.org/10.3390/s17071479"
nist2026_a8b13c,"NIST, 2026",Performance of Emergency Response Robots,"[""National Institute of Standards and Technology""]",2026,NIST program page; updated 24 April 2026; accessed 15 September 2026,,https://www.nist.gov/programs-projects/performance-emergency-response-robots,official institutional page,"[""M16""]","{""status"": ""Primary-source audit; no DOI supplied"", ""provider"": null}","[{""source_id"": ""M16"", ""audit_correction"": null, ""read_depth"": ""Official page objectives, test categories and standard listing."", ""supports"": ""Current task-based test framework and distinction between test methods and mission-specific pass thresholds."", ""limitations"": ""Use as validation-plan source; don't label a visual concept mission-capable without repeatable tests.""}]",National Institute of Standards and Technology (2026). Performance of Emergency Response Robots. NIST program page; updated 24 April 2026; accessed 15 September 2026. https://www.nist.gov/programs-projects/performance-emergency-response-robots
ojeda2023_b7b9b6,"Ojeda et al., 2023",VGR Dataset: A CFD-based Gas Dispersion Dataset for Mobile Robotic Olfaction,"[""Pepe Ojeda"", ""Javier Monroy"", ""Javier Gonzalez-Jimenez""]",2023,Journal of Intelligent & Robotic Systems,10.1007/s10846-023-02012-z,https://mapir.isa.uma.es/mapirwebsite/?p=1708,simulation_dataset,"[""R07""]","{""status"": ""DOI resolved and title compared"", ""provider"": ""Crossref"", ""raw_file"": ""verified_reference_metadata\\b7b9b65ab695d36a.json"", ""title_matches_at_least_0_7"": true}","[{""source_id"": ""R07"", ""audit_correction"": null, ""read_depth"": ""Official dataset page and citation"", ""supports"": ""Author-provided dataset page describes 120 airflow/gas simulations across 30 detailed house models, with GADEN/OpenFOAM files."", ""limitations"": ""These are simulated indoor data; they are neither outdoor emissions observations nor measurements collected by A3P5.""}]","Ojeda, P., Monroy, J., & Gonzalez-Jimenez, J. (2023). VGR Dataset: A CFD-based Gas Dispersion Dataset for Mobile Robotic Olfaction. Journal of Intelligent & Robotic Systems, 109(4), 75. https://doi.org/10.1007/s10846-023-02012-z"
ojeda2025_e1d1d8,"Ojeda et al., 2025",Gaden-RT: A real time and interactive gas dispersion simulator for mobile robotics,"[""Pepe Ojeda"", ""Javier Monroy"", ""Javier Gonzalez-Jimenez""]",2025,SoftwareX,10.1016/j.softx.2025.102388,https://github.com/MAPIRlab/gaden,simulator_paper,"[""R11""]","{""status"": ""DOI resolved and title compared"", ""provider"": ""Crossref"", ""raw_file"": ""verified_reference_metadata\\e1d1d81dbd78ecaf.json"", ""title_matches_at_least_0_7"": true}","[{""source_id"": ""R11"", ""audit_correction"": null, ""read_depth"": ""Official project README and supplied citation"", ""supports"": ""Current official GADEN project citation for the real-time interactive simulator implementation."", ""limitations"": ""Cite the version actually used if future experiments adopt it; no such experiments were performed here.""}]","Ojeda, P., Monroy, J., & Gonzalez-Jimenez, J. (2025). Gaden-RT: A real time and interactive gas dispersion simulator for mobile robotics. SoftwareX, 32, 102388. https://doi.org/10.1016/j.softx.2025.102388"
papadopoulos1996_3a8aa9,"Papadopoulos and Rey, 1996",A new measure of tipover stability margin for mobile manipulators,"[""E.G. Papadopoulos"", ""D.A. Rey""]",1996,"Proceedings IEEE International Conference on Robotics and Automation, 3111–3116",10.1109/robot.1996.509185,https://nereus.mech.ntua.gr/Documents/pdf_ps/ICRA96.pdf,research article,"[""M04""]","{""status"": ""DOI resolved and title compared"", ""provider"": ""Crossref"", ""raw_file"": ""verified_reference_metadata\\3a8aa95f9dfc88af.json"", ""title_matches_at_least_0_7"": true}","[{""source_id"": ""M04"", ""audit_correction"": null, ""read_depth"": ""Author-hosted PDF abstract/introduction indexed text."", ""supports"": ""Force-angle stability metric accounts for top-heaviness, external/inertial loads and uneven contact geometry."", ""limitations"": ""Do not reduce dynamic tipover certification to COM projection alone; requires masses, contact points and loads.""}]","Papadopoulos, E. G., & Rey, D. A. (1996). A new measure of tipover stability margin for mobile manipulators. Proceedings of IEEE International Conference on Robotics and Automation, 4, 3111–3116. https://doi.org/10.1109/robot.1996.509185"
patel2024_4264a8,"Patel et al., 2024",Towards a hygroscopic growth calibration for low-cost PM 2.5 sensors,"[""Milan Y. Patel"", ""Pietro F. Vannucci"", ""Jinsol Kim"", ""William M. Berelson"", ""Ronald C. Cohen""]",2024,Atmospheric Measurement Techniques,10.5194/amt-17-1051-2024,https://doi.org/10.5194/amt-17-1051-2024,research article,"[""SEN11""]","{""status"": ""DOI resolved and title compared"", ""provider"": ""Crossref"", ""raw_file"": ""verified_reference_metadata\\4264a8efc91f3eae.json"", ""title_matches_at_least_0_7"": true}","[{""source_id"": ""SEN11"", ""audit_correction"": null, ""read_depth"": ""Publisher HTML: Eq.1, methods, evaluation, Figures 3–4 and license."", ""supports"": ""Seasonally varying humidity correction addresses hygroscopic-growth bias in PMS5003 measurements; residual uncertainty remains."", ""limitations"": ""Sensor model, aerosol mixture and geography differ. Fit local correction coefficients rather than copying study coefficients.""}]","Patel, M. Y., Vannucci, P. F., Kim, J., Berelson, W. M., & Cohen, R. C. (2024). Towards a hygroscopic growth calibration for low-cost PM 2.5 sensors. Atmospheric Measurement Techniques, 17(3), 1051–1060. https://doi.org/10.5194/amt-17-1051-2024"
rasmussen2006_5c445c,"Rasmussen and Williams, 2006",Gaussian Processes for Machine Learning,"[""Carl Edward Rasmussen"", ""Christopher K. I. Williams""]",2006,,10.7551/mitpress/3206.001.0001,https://doi.org/10.7551/mitpress/3206.001.0001,methods book,"[""SEN23""]","{""status"": ""DOI resolved and title compared"", ""provider"": ""Crossref"", ""raw_file"": ""verified_reference_metadata\\5c445c32b417085b.json"", ""title_matches_at_least_0_7"": true}","[{""source_id"": ""SEN23"", ""audit_correction"": null, ""read_depth"": ""Authors official book contents and regression chapter synopsis; publisher metadata."", ""supports"": ""Gaussian-process regression represents a latent function with a covariance kernel and yields conditional predictions and uncertainty."", ""limitations"": ""Book cited as 2006 per title-page convention; online publisher release metadata is November 2005. No fitted rover GP exists.""}]","Rasmussen, C. E., & Williams, C. K. I. (2006). Gaussian Processes for Machine Learning. The MIT Press. https://doi.org/10.7551/mitpress/3206.001.0001"
reina2010_3d6119,"Reina and Foglia, 2010",An Adaptive Suspension System for Planetary Rovers,"[""G. Reina"", ""M. Foglia""]",2010,IFAC Proceedings Volumes,10.3182/20100906-3-it-2019.00036,https://www.sciencedirect.com/science/article/pii/S147466701635056X,research article,"[""T01""]","{""status"": ""DOI resolved and title compared"", ""provider"": ""Crossref"", ""raw_file"": ""verified_reference_metadata\\3d6119e32b916e3c.json"", ""title_matches_at_least_0_7"": true}","[{""source_id"": ""T01"", ""audit_correction"": null, ""read_depth"": ""Saved Elsevier API core metadata; publisher abstract and author institutional bibliography checked."", ""supports"": ""Variable wheel-camber suspension proposed for conventional rocker-type planetary rover suspensions."", ""limitations"": ""Nemesis does not incorporate or validate the paper’s variable-camber linkage.""}]","Reina, G., & Foglia, M. (2010). An Adaptive Suspension System for Planetary Rovers. IFAC Proceedings Volumes, 43(16), 199–204. https://doi.org/10.3182/20100906-3-it-2019.00036"
roberts2017_8ac43f,"Roberts et al., 2017","Cross‐validation strategies for data with temporal, spatial, hierarchical, or phylogenetic structure","[""David R. Roberts"", ""Volker Bahn"", ""Simone Ciuti"", ""Mark S. Boyce"", ""Jane Elith"", ""Gurutzeta Guillera‐Arroita"", ""Severin Hauenstein"", ""José J. Lahoz‐Monfort"", ""Boris Schröder"", ""Wilfried Thuiller"", ""David I. Warton"", ""Brendan A. Wintle"", ""Florian Hartig"", ""Carsten F. Dormann""]",2017,Ecography,10.1111/ecog.02881,https://doi.org/10.1111/ecog.02881,methodological synthesis/review,"[""SEN20""]","{""status"": ""DOI resolved and title compared"", ""provider"": ""Crossref"", ""raw_file"": ""verified_reference_metadata\\8ac43feb0ac0398f.json"", ""title_matches_at_least_0_7"": true}","[{""source_id"": ""SEN20"", ""audit_correction"": null, ""read_depth"": ""Primary author paper abstract and methodological recommendations; publisher metadata."", ""supports"": ""Validation should respect temporal, spatial and group dependencies; blocking must match the intended prediction task."", ""limitations"": ""Methodological synthesis, classified as a review by the publisher; not an A3P5 experiment.""}]","Roberts, D. R., Bahn, V., Ciuti, S., Boyce, M. S., Elith, J., Guillera‐Arroita, G., Hauenstein, S., Lahoz‐Monfort, J. J., Schröder, B., Thuiller, W., Warton, D. I., Wintle, B. A., Hartig, F., & Dormann, C. F. (2017). Cross‐validation strategies for data with temporal, spatial, hierarchical, or phylogenetic structure. Ecography, 40(8), 913–929. https://doi.org/10.1111/ecog.02881"
saputra2021_e81c43,"Saputra et al., 2021",ResQbot 2.0: An Improved Design of a Mobile Rescue Robot with an Inflatable Neck Securing Device for Safe Casualty Extraction,"[""Roni Permana Saputra"", ""Nemanja Rakicevic"", ""Isabelle Kuder"", ""Joel Bilsdorfer"", ""Alexander Gough"", ""Alexandra Dakin"", ""Emma de Cocker"", ""Shaun Rock"", ""Richard Harpin"", ""Petar Kormushev""]",2021,"Applied Sciences 11(12), 5414",10.3390/app11125414,https://www.mdpi.com/2076-3417/11/12/5414,research article,"[""M18""]","{""status"": ""DOI resolved and title compared"", ""provider"": ""Crossref"", ""raw_file"": ""verified_reference_metadata\\e81c43074cceee7b.json"", ""title_matches_at_least_0_7"": true}","[{""source_id"": ""M18"", ""audit_correction"": null, ""read_depth"": ""Publisher sections/abstract; original PDF license, figure 10 photo, abstract and conclusion context."", ""supports"": ""Comparison showing physical rescue intervention requires dedicated mechanisms and a separate safety validation program."", ""limitations"": ""Reported casualty-extraction validation is simulation. Nemesis has no supplied patient transport capability; use comparison, not feature transfer.""}]","Saputra, R. P., Rakicevic, N., Kuder, I., Bilsdorfer, J., Gough, A., Dakin, A., de Cocker, E., Rock, S., Harpin, R., & Kormushev, P. (2021). ResQbot 2.0: An Improved Design of a Mobile Rescue Robot with an Inflatable Neck Securing Device for Safe Casualty Extraction. Applied Sciences, 11(12), 5414. https://doi.org/10.3390/app11125414"
seo2026_424746,"Seo et al., 2026",Unified motion control of 4WIS-4WID WMR with unlimited steering and load transfer consideration,"[""Dongwoo Seo"", ""Seokki Moon"", ""Jaeyoung Kang""]",2026,"Robotics and Autonomous Systems 198, 105341",10.1016/j.robot.2026.105341,https://www.sciencedirect.com/science/article/abs/pii/S092188902600014X,research article,"[""M05""]","{""status"": ""DOI resolved and title compared"", ""provider"": ""Crossref"", ""raw_file"": ""verified_reference_metadata\\4247460938ccc16c.json"", ""title_matches_at_least_0_7"": true}","[{""source_id"": ""M05"", ""audit_correction"": null, ""read_depth"": ""Publisher abstract only."", ""supports"": ""Recent example of force allocation including slip, friction constraints and load transfer."", ""limitations"": ""Unlimited steering is an explicit hardware assumption; Nemesis cable routing and servo limits preclude assuming it.""}]","Seo, D., Moon, S., & Kang, J. (2026). Unified motion control of 4WIS-4WID WMR with unlimited steering and load transfer consideration. Robotics and Autonomous Systems, 198, 105341. https://doi.org/10.1016/j.robot.2026.105341"
shan2020_c48065,"Shan et al., 2020",LIO-SAM: Tightly-coupled Lidar Inertial Odometry via Smoothing and Mapping,"[""Tixiao Shan"", ""Brendan Englot"", ""Drew Meyers"", ""Wei Wang"", ""Carlo Ratti"", ""Daniela Rus""]",2020,"2020 IEEE/RSJ International Conference on Intelligent Robots and Systems (IROS), 5135-5142",10.1109/iros45743.2020.9341176,https://doi.org/10.1109/iros45743.2020.9341176,research article,"[""M20""]","{""status"": ""DOI resolved and title compared"", ""provider"": ""Crossref"", ""raw_file"": ""verified_reference_metadata\\c4806564c0536ff0.json"", ""title_matches_at_least_0_7"": true}","[{""source_id"": ""M20"", ""audit_correction"": null, ""read_depth"": ""Publisher abstract and introduction; exact DOI metadata checked."", ""supports"": ""Factor-graph lidar-inertial odometry with relative and absolute measurements; proposed high-level localization context only."", ""limitations"": null}]","Shan, T., Englot, B., Meyers, D., Wang, W., Ratti, C., & Rus, D. (2020). LIO-SAM: Tightly-coupled Lidar Inertial Odometry via Smoothing and Mapping. 2020 IEEE/RSJ International Conference on Intelligent Robots and Systems (IROS). https://doi.org/10.1109/iros45743.2020.9341176"
sucan2012_fe77c5,"Sucan et al., 2012",The Open Motion Planning Library,"[""Ioan A. Sucan"", ""Mark Moll"", ""Lydia E. Kavraki""]",2012,"IEEE Robotics & Automation Magazine 19(4), 72–82",10.1109/mra.2012.2205651,https://www.kavrakilab.org/publications/sucan-moll2012open-motion-planning.html,research article,"[""M14""]","{""status"": ""DOI resolved and title compared"", ""provider"": ""Crossref"", ""raw_file"": ""verified_reference_metadata\\fe77c51cc09e18dc.json"", ""title_matches_at_least_0_7"": true}","[{""source_id"": ""M14"", ""audit_correction"": null, ""read_depth"": ""Author laboratory publication page and abstract."", ""supports"": ""Reusable sampling-based planning library for future arm/base planning and reproducible baselines."", ""limitations"": ""Collision geometry, limits and validity checking remain application responsibilities.""}]","Sucan, I. A., Moll, M., & Kavraki, L. E. (2012). The Open Motion Planning Library. IEEE Robotics & Automation Magazine, 19(4), 72–82. https://doi.org/10.1109/mra.2012.2205651"
trevathan2020_3d3a03,"Trevathan et al., 2020",Towards the Development of an Affordable and Practical Light Attenuation Turbidity Sensor for Remote Near Real-Time Aquatic Monitoring,"[""Jarrod Trevathan"", ""Wayne Read"", ""Simon Schmidtke""]",2020,Sensors,10.3390/s20071993,https://doi.org/10.3390/s20071993,research article,"[""SEN16""]","{""status"": ""DOI resolved and title compared"", ""provider"": ""Crossref"", ""raw_file"": ""verified_reference_metadata\\3d3a035466426237.json"", ""title_matches_at_least_0_7"": true}","[{""source_id"": ""SEN16"", ""audit_correction"": null, ""read_depth"": ""Publisher full HTML: sections 3–5, experimental figures and license."", ""supports"": ""Independent turbidity calibration, waterproofing and fouling management are essential; the study re-engineered Gravity-type sensing and validated against Formazin/turbidimeter standards."", ""limitations"": ""Study-specific electronics and usable range differ. Generic vendor calibration is not rover validation.""}]","Trevathan, J., Read, W., & Schmidtke, S. (2020). Towards the Development of an Affordable and Practical Light Attenuation Turbidity Sensor for Remote Near Real-Time Aquatic Monitoring. Sensors, 20(7), 1993. https://doi.org/10.3390/s20071993"
usgs2021_e859f3,"U. S. Geological Survey, 2021",Chapter A6.4. Measurement of pH,"[""U. S. Geological Survey""]",2021,Techniques and Methods,10.3133/tm9a6.4,https://pubs.usgs.gov/publication/tm9A6.4,official measurement protocol,"[""SEN25""]","{""status"": ""DOI resolved and title compared"", ""provider"": ""Crossref"", ""raw_file"": ""verified_reference_metadata\\e859f3f66d1a4ccd.json"", ""title_matches_at_least_0_7"": true}","[{""source_id"": ""SEN25"", ""audit_correction"": null, ""read_depth"": ""Official report abstract, scope and table of contents; measurement-method summary."", ""supports"": ""Field pH measurement requires instrument calibration, maintenance, stabilization, quality assurance and documented reporting."", ""limitations"": ""Use its procedures as the validation basis; a pH reading alone does not establish potability.""}]",U. S. Geological Survey (2021). Chapter A6.4. Measurement of pH. Techniques and Methods. https://doi.org/10.3133/tm9a6.4
vergara2012_533b0f,"Vergara, 2012",Gas Sensor Array Drift Dataset,"[""Alexander Vergara""]",2012,UCI Machine Learning Repository,10.24432/c5rp6w,https://archive.ics.uci.edu/dataset/224/gas,experimental_sensor_dataset,"[""R08""]","{""status"": ""DOI resolved and title compared"", ""provider"": ""DataCite"", ""raw_file"": ""verified_reference_metadata\\533b0f615ce0ba6c.json"", ""title_matches_at_least_0_7"": true}","[{""source_id"": ""R08"", ""audit_correction"": null, ""read_depth"": ""Official UCI dataset metadata and variable description"", ""supports"": ""Controlled metal-oxide sensor-array benchmark for drift and calibration-transfer methods."", ""limitations"": ""Different sensors and controlled exposure conditions prevent direct transfer of reported model accuracy to MQ135/MQ7/MQ4 devices.""}]","Vergara, A. (2012). Gas Sensor Array Drift Dataset. UCI Machine Learning Repository. https://doi.org/10.24432/c5rp6w"
vito2008_026a72,"Vito, 2008",Air Quality,"[""Saverio Vito""]",2008,UCI Machine Learning Repository,10.24432/c59k5f,https://archive.ics.uci.edu/dataset/360/air+quality,field_sensor_dataset,"[""R09"", ""SEN28""]","{""status"": ""DOI resolved and title compared"", ""provider"": ""DataCite"", ""raw_file"": ""verified_reference_metadata\\026a722e4cc6016b.json"", ""title_matches_at_least_0_7"": true}","[{""source_id"": ""R09"", ""audit_correction"": null, ""read_depth"": ""Official UCI dataset metadata and variable description"", ""supports"": ""UCI reports 9,358 hourly records from five metal-oxide sensors with reference gas measurements; useful for future calibration-method examples."", ""limitations"": ""Different equipment and location from the rover. Preserve time order in validation and handle the documented -200 missing-value marker.""}, {""source_id"": ""SEN28"", ""audit_correction"": null, ""read_depth"": ""Repository and variable metadata read; raw archived CSV parsed and audited; independent CO benchmark computed"", ""supports"": ""Five sensor responses plus environmental variables and reference CO; sentinel -200; dataset provenance"", ""limitations"": ""UCI current citation export is Vito, S. (2008), while associated original paper is De Vito et al. (2008). Actual CSV count and dates differ from repository prose. Current page states CC BY 4.0 alongside legacy research-only wording; present use is research.""}]","Vito, S. (2008). Air Quality. UCI Machine Learning Repository. https://doi.org/10.24432/c59k5f"
wang2024_112661,"Wang et al., 2024","A Compact, Low-Cost, and Low-Power Turbidity Sensor for Continuous In Situ Stormwater Monitoring","[""Miao Wang"", ""Baiqian Shi"", ""Stephen Catsamas"", ""Peter Kolotelo"", ""David McCarthy""]",2024,Sensors,10.3390/s24123926,https://doi.org/10.3390/s24123926,research article,"[""SEN17""]","{""status"": ""DOI resolved and title compared"", ""provider"": ""Crossref"", ""raw_file"": ""verified_reference_metadata\\112661ded38ed946.json"", ""title_matches_at_least_0_7"": true}","[{""source_id"": ""SEN17"", ""audit_correction"": null, ""read_depth"": ""Publisher indexed full methods/results/limitations excerpts and Crossref metadata."", ""supports"": ""A low-cost stormwater turbidity system was tested in laboratory/field; pre-/post-cleaning calibration exposed fouling and drift effects."", ""limitations"": ""Different sensor geometry. Its quoted cost, range and accuracy must not be assigned to A3P5.""}]","Wang, M., Shi, B., Catsamas, S., Kolotelo, P., & McCarthy, D. (2024). A Compact, Low-Cost, and Low-Power Turbidity Sensor for Continuous In Situ Stormwater Monitoring. Sensors, 24(12), 3926. https://doi.org/10.3390/s24123926"
winsen2021_36e9d6,"Winsen, 2021a","Air Quality Gas Sensor (Model: MQ135) Manual, version 1.6","[""Zhengzhou Winsen Electronics Technology Co., Ltd.""]",2021,,,https://www.winsen-sensor.com/d/files/manual/mq135.pdf,manufacturer documentation,"[""SEN01""]","{""status"": ""Primary-source audit; no DOI supplied"", ""provider"": null}","[{""source_id"": ""SEN01"", ""audit_correction"": null, ""read_depth"": ""Manufacturer PDF: specifications, circuit, response and cautions read."", ""supports"": ""SnO2 response is broad and temperature/humidity dependent; Rs=(Vc/VRL-1)RL. Requires regulated 5 V heater, up to 950 mW, and over 48 h initial preheat."", ""limitations"": ""Does not establish selective CO2 measurement or rover accuracy. No manual figures reused; copyrighted.""}]","Zhengzhou Winsen Electronics Technology Co., Ltd. (2021a). Air Quality Gas Sensor (Model: MQ135) Manual, version 1.6. manufacturer documentation. https://www.winsen-sensor.com/d/files/manual/mq135.pdf"
winsen2021_174511,"Winsen, 2021b","Carbon Monoxide Gas Sensor (Model: MQ-7B) Manual, version 1.6","[""Zhengzhou Winsen Electronics Technology Co., Ltd.""]",2021,,,https://www.winsen-sensor.com/d/files/manual/mq-7b.pdf,manufacturer documentation,"[""SEN02""]","{""status"": ""Primary-source audit; no DOI supplied"", ""provider"": null}","[{""source_id"": ""SEN02"", ""audit_correction"": null, ""read_depth"": ""Manufacturer PDF: operating sequence, specifications, circuit and cautions read."", ""supports"": ""MQ-7B uses 60 s at 5 V heating followed by 90 s at 1.5 V; CO sensing occurs in low-temperature phase. Initial preheat is at least 48 h."", ""limitations"": ""The rover description says MQ7, not MQ-7B. Verify exact sensor and module before transferring these timing/voltage/range specifications.""}]","Zhengzhou Winsen Electronics Technology Co., Ltd. (2021b). Carbon Monoxide Gas Sensor (Model: MQ-7B) Manual, version 1.6. manufacturer documentation. https://www.winsen-sensor.com/d/files/manual/mq-7b.pdf"
winsen2021_dd85bc,"Winsen, 2021c","Flammable Gas Sensor (Model: MQ-4) Manual, version 1.6","[""Zhengzhou Winsen Electronics Technology Co., Ltd.""]",2021,,,https://www.winsen-sensor.com/d/files/mq-4-(ver1_6)---manual.pdf,manufacturer documentation,"[""SEN03""]","{""status"": ""Primary-source audit; no DOI supplied"", ""provider"": null}","[{""source_id"": ""SEN03"", ""audit_correction"": null, ""read_depth"": ""Manufacturer PDF introductory/specification sections and official product listing read."", ""supports"": ""MQ-4 is a heated SnO2 methane-sensitive sensor; manufacturer lists CH4 range 300–10000 ppm and a regulated 5 V heater."", ""limitations"": ""Range is not an accuracy statement; ppm estimation needs unit-specific calibration and interference evaluation.""}]","Zhengzhou Winsen Electronics Technology Co., Ltd. (2021c). Flammable Gas Sensor (Model: MQ-4) Manual, version 1.6. manufacturer documentation. https://www.winsen-sensor.com/d/files/mq-4-(ver1_6)---manual.pdf"
zheng2018_be2985,"Zheng et al., 2018",Field evaluation of low-cost particulate matter sensors in high- and low-concentration environments,"[""Tongshu Zheng"", ""Michael H. Bergin"", ""Karoline K. Johnson"", ""Sachchida N. Tripathi"", ""Shilpa Shirodkar"", ""Matthew S. Landis"", ""Ronak Sutaria"", ""David E. Carlson""]",2018,Atmospheric Measurement Techniques,10.5194/amt-11-4823-2018,https://doi.org/10.5194/amt-11-4823-2018,research article,"[""SEN09""]","{""status"": ""DOI resolved and title compared"", ""provider"": ""Crossref archived census"", ""raw_file"": ""raw_crossref\\Q04_low_cost_particle_calibration.json"", ""title_matches_at_least_0_7"": true}","[{""source_id"": ""SEN09"", ""audit_correction"": null, ""read_depth"": ""Publisher abstract and methods excerpts; Crossref metadata."", ""supports"": ""PMS3003 performance was evaluated across low/high concentration and seasonal environments; calibration and averaging affect usefulness."", ""limitations"": ""Different Plantower model and field sites; performance is not transferable to A3P5.""}]","Zheng, T., Bergin, M. H., Johnson, K. K., Tripathi, S. N., Shirodkar, S., Landis, M. S., Sutaria, R., & Carlson, D. E. (2018). Field evaluation of low-cost particulate matter sensors in high- and low-concentration environments. Atmospheric Measurement Techniques, 11(8), 4823–4846. https://doi.org/10.5194/amt-11-4823-2018"
zheng2019_9520c4,"Zheng et al., 2019",Gaussian process regression model for dynamically calibrating and surveilling a wireless low-cost particulate matter sensor network in Delhi,"[""Tongshu Zheng"", ""Michael H. Bergin"", ""Ronak Sutaria"", ""Sachchida N. Tripathi"", ""Robert Caldow"", ""David E. Carlson""]",2019,Atmospheric Measurement Techniques,10.5194/amt-12-5161-2019,https://doi.org/10.5194/amt-12-5161-2019,research article,"[""SEN10""]","{""status"": ""DOI resolved and title compared"", ""provider"": ""Crossref archived census"", ""raw_file"": ""raw_crossref\\Q04_low_cost_particle_calibration.json"", ""title_matches_at_least_0_7"": true}","[{""source_id"": ""SEN10"", ""audit_correction"": null, ""read_depth"": ""Publisher HTML: hardware, calibration equations, validation and Figure 4; metadata and license."", ""supports"": ""A PMS7003-based Delhi network used Gaussian-process and linear calibration with reference stations; sensor siting preserves free airflow and environmental covariates."", ""limitations"": ""Network-scale 2018 study, not evidence of rover mapping precision or a ready-to-use local calibration.""}]","Zheng, T., Bergin, M. H., Sutaria, R., Tripathi, S. N., Caldow, R., & Carlson, D. E. (2019). Gaussian process regression model for dynamically calibrating and surveilling a wireless low-cost particulate matter sensor network in Delhi. Atmospheric Measurement Techniques, 12(9), 5161–5181. https://doi.org/10.5194/amt-12-5161-2019"
zhu2019_0a04d7,"Zhu et al., 2019","Scalable Gas Sensing, Mapping, and Path Planning via Decentralized Hilbert Maps","[""Pingping Zhu"", ""Silvia Ferrari"", ""Julian Morelli"", ""Richard Linares"", ""Bryce Doerr""]",2019,Sensors,10.3390/s19071524,https://doi.org/10.3390/s19071524,research article,"[""SEN15""]","{""status"": ""DOI resolved and title compared"", ""provider"": ""Crossref"", ""raw_file"": ""verified_reference_metadata\\0a04d79c043d8886.json"", ""title_matches_at_least_0_7"": true}","[{""source_id"": ""SEN15"", ""audit_correction"": null, ""read_depth"": ""Publisher/PubMed abstracts and Crossref metadata."", ""supports"": ""Decentralized Hilbert maps provide scalable gas mapping and information-driven path planning for distributed sensors."", ""limitations"": ""Background method only; no decentralized map implemented or validated here.""}]","Zhu, P., Ferrari, S., Morelli, J., Linares, R., & Doerr, B. (2019). Scalable Gas Sensing, Mapping, and Path Planning via Decentralized Hilbert Maps. Sensors, 19(7), 1524. https://doi.org/10.3390/s19071524"
