year,topic,count,cohort
1990,four_wheel_steering,3,all_unique
1990,gas_olfaction_mapping,1,all_unique
1990,other,19,all_unique
1990,water_quality_monitoring,3,all_unique
1991,four_wheel_steering,1,all_unique
1991,gas_olfaction_mapping,1,all_unique
1991,other,14,all_unique
1991,water_quality_monitoring,2,all_unique
1992,four_wheel_steering,7,all_unique
1992,other,14,all_unique
1993,four_wheel_steering,3,all_unique
1993,gas_olfaction_mapping,2,all_unique
1993,other,17,all_unique
1993,water_quality_monitoring,2,all_unique
1994,four_wheel_steering,6,all_unique
1994,gas_olfaction_mapping,1,all_unique
1994,other,6,all_unique
1994,water_quality_monitoring,2,all_unique
1995,four_wheel_steering,3,all_unique
1995,gas_olfaction_mapping,1,all_unique
1995,other,26,all_unique
1995,water_quality_monitoring,2,all_unique
1996,four_wheel_steering,2,all_unique
1996,gas_olfaction_mapping,1,all_unique
1996,other,17,all_unique
1996,water_quality_monitoring,1,all_unique
1997,gas_olfaction_mapping,3,all_unique
1997,other,21,all_unique
1997,particulate_air_quality,2,all_unique
1998,four_wheel_steering,1,all_unique
1998,other,49,all_unique
1998,outdoor_navigation_fusion,2,all_unique
1998,particulate_air_quality,1,all_unique
1998,water_quality_monitoring,7,all_unique
1999,four_wheel_steering,1,all_unique
1999,other,23,all_unique
1999,outdoor_navigation_fusion,1,all_unique
2000,four_wheel_steering,2,all_unique
2000,gas_olfaction_mapping,1,all_unique
2000,other,43,all_unique
2000,water_quality_monitoring,2,all_unique
2001,four_wheel_steering,3,all_unique
2001,gas_sensor_calibration,1,all_unique
2001,other,27,all_unique
2001,outdoor_navigation_fusion,2,all_unique
2001,water_quality_monitoring,1,all_unique
2002,four_wheel_steering,3,all_unique
2002,other,29,all_unique
2002,outdoor_navigation_fusion,1,all_unique
2002,robotic_environmental_monitoring,1,all_unique
2002,water_quality_monitoring,2,all_unique
2003,four_wheel_steering,2,all_unique
2003,gas_olfaction_mapping,1,all_unique
2003,other,38,all_unique
2003,water_quality_monitoring,3,all_unique
2004,four_wheel_steering,4,all_unique
2004,other,58,all_unique
2004,outdoor_navigation_fusion,2,all_unique
2004,particulate_air_quality,1,all_unique
2004,robotic_environmental_monitoring,1,all_unique
2004,water_quality_monitoring,5,all_unique
2005,four_wheel_steering,3,all_unique
2005,other,57,all_unique
2005,outdoor_navigation_fusion,2,all_unique
2005,robotic_environmental_monitoring,1,all_unique
2005,water_quality_monitoring,7,all_unique
2006,four_wheel_steering,8,all_unique
2006,gas_olfaction_mapping,2,all_unique
2006,other,39,all_unique
2006,outdoor_navigation_fusion,2,all_unique
2006,particulate_air_quality,1,all_unique
2006,water_quality_monitoring,5,all_unique
2007,embedded_environmental_sensing,2,all_unique
2007,four_wheel_steering,9,all_unique
2007,gas_olfaction_mapping,3,all_unique
2007,other,70,all_unique
2007,outdoor_navigation_fusion,3,all_unique
2007,robotic_environmental_monitoring,2,all_unique
2007,robotic_sampling,1,all_unique
2007,water_quality_monitoring,3,all_unique
2008,four_wheel_steering,8,all_unique
2008,gas_olfaction_mapping,5,all_unique
2008,other,81,all_unique
2008,outdoor_navigation_fusion,3,all_unique
2008,water_quality_monitoring,8,all_unique
2009,four_wheel_steering,10,all_unique
2009,gas_olfaction_mapping,8,all_unique
2009,gas_sensor_calibration,1,all_unique
2009,other,97,all_unique
2009,outdoor_navigation_fusion,4,all_unique
2009,particulate_air_quality,1,all_unique
2009,water_quality_monitoring,2,all_unique
2010,embedded_environmental_sensing,2,all_unique
2010,four_wheel_steering,15,all_unique
2010,gas_olfaction_mapping,4,all_unique
2010,other,104,all_unique
2010,outdoor_navigation_fusion,6,all_unique
2010,particulate_air_quality,1,all_unique
2010,robotic_environmental_monitoring,1,all_unique
2010,water_quality_monitoring,3,all_unique
2011,embedded_environmental_sensing,1,all_unique
2011,four_wheel_steering,7,all_unique
2011,gas_olfaction_mapping,7,all_unique
2011,gas_sensor_calibration,2,all_unique
2011,other,100,all_unique
2011,outdoor_navigation_fusion,3,all_unique
2011,particulate_air_quality,4,all_unique
2011,robotic_environmental_monitoring,3,all_unique
2011,water_quality_monitoring,6,all_unique
2012,embedded_environmental_sensing,1,all_unique
2012,four_wheel_steering,7,all_unique
2012,gas_olfaction_mapping,11,all_unique
2012,gas_sensor_calibration,1,all_unique
2012,other,92,all_unique
2012,outdoor_navigation_fusion,1,all_unique
2012,particulate_air_quality,4,all_unique
2012,robotic_environmental_monitoring,2,all_unique
2012,water_quality_monitoring,7,all_unique
2013,embedded_environmental_sensing,3,all_unique
2013,four_wheel_steering,14,all_unique
2013,gas_olfaction_mapping,5,all_unique
2013,gas_sensor_calibration,2,all_unique
2013,other,105,all_unique
2013,outdoor_navigation_fusion,3,all_unique
2013,particulate_air_quality,6,all_unique
2013,robotic_environmental_monitoring,1,all_unique
2013,water_quality_monitoring,11,all_unique
2014,embedded_environmental_sensing,2,all_unique
2014,four_wheel_steering,8,all_unique
2014,gas_olfaction_mapping,13,all_unique
2014,gas_sensor_calibration,1,all_unique
2014,other,128,all_unique
2014,outdoor_navigation_fusion,7,all_unique
2014,particulate_air_quality,4,all_unique
2014,robotic_environmental_monitoring,1,all_unique
2014,water_quality_monitoring,9,all_unique
2015,embedded_environmental_sensing,1,all_unique
2015,four_wheel_steering,11,all_unique
2015,gas_olfaction_mapping,6,all_unique
2015,gas_sensor_calibration,3,all_unique
2015,other,99,all_unique
2015,outdoor_navigation_fusion,3,all_unique
2015,particulate_air_quality,4,all_unique
2015,robotic_environmental_monitoring,2,all_unique
2015,water_quality_monitoring,7,all_unique
2016,embedded_environmental_sensing,2,all_unique
2016,four_wheel_steering,13,all_unique
2016,gas_olfaction_mapping,8,all_unique
2016,other,106,all_unique
2016,outdoor_navigation_fusion,3,all_unique
2016,particulate_air_quality,4,all_unique
2016,robotic_environmental_monitoring,5,all_unique
2016,robotic_sampling,1,all_unique
2016,water_quality_monitoring,7,all_unique
2017,embedded_environmental_sensing,3,all_unique
2017,four_wheel_steering,17,all_unique
2017,gas_olfaction_mapping,13,all_unique
2017,other,127,all_unique
2017,outdoor_navigation_fusion,1,all_unique
2017,particulate_air_quality,12,all_unique
2017,robotic_environmental_monitoring,2,all_unique
2017,robotic_sampling,1,all_unique
2017,water_quality_monitoring,8,all_unique
2018,embedded_environmental_sensing,2,all_unique
2018,four_wheel_steering,21,all_unique
2018,gas_olfaction_mapping,10,all_unique
2018,other,142,all_unique
2018,outdoor_navigation_fusion,5,all_unique
2018,particulate_air_quality,20,all_unique
2018,robotic_environmental_monitoring,2,all_unique
2018,robotic_sampling,1,all_unique
2018,water_quality_monitoring,16,all_unique
2019,embedded_environmental_sensing,4,all_unique
2019,four_wheel_steering,23,all_unique
2019,gas_olfaction_mapping,16,all_unique
2019,other,157,all_unique
2019,outdoor_navigation_fusion,9,all_unique
2019,particulate_air_quality,25,all_unique
2019,robotic_environmental_monitoring,3,all_unique
2019,water_quality_monitoring,17,all_unique
2020,embedded_environmental_sensing,3,all_unique
2020,four_wheel_steering,18,all_unique
2020,gas_olfaction_mapping,12,all_unique
2020,gas_sensor_calibration,5,all_unique
2020,other,176,all_unique
2020,outdoor_navigation_fusion,5,all_unique
2020,particulate_air_quality,26,all_unique
2020,robotic_environmental_monitoring,4,all_unique
2020,water_quality_monitoring,20,all_unique
2021,embedded_environmental_sensing,3,all_unique
2021,four_wheel_steering,24,all_unique
2021,gas_olfaction_mapping,6,all_unique
2021,gas_sensor_calibration,2,all_unique
2021,other,157,all_unique
2021,outdoor_navigation_fusion,4,all_unique
2021,particulate_air_quality,44,all_unique
2021,robotic_sampling,2,all_unique
2021,water_quality_monitoring,27,all_unique
2022,embedded_environmental_sensing,10,all_unique
2022,four_wheel_steering,16,all_unique
2022,gas_olfaction_mapping,20,all_unique
2022,gas_sensor_calibration,6,all_unique
2022,other,173,all_unique
2022,outdoor_navigation_fusion,5,all_unique
2022,particulate_air_quality,36,all_unique
2022,robotic_environmental_monitoring,3,all_unique
2022,water_quality_monitoring,15,all_unique
2023,embedded_environmental_sensing,8,all_unique
2023,four_wheel_steering,26,all_unique
2023,gas_olfaction_mapping,19,all_unique
2023,gas_sensor_calibration,5,all_unique
2023,other,212,all_unique
2023,outdoor_navigation_fusion,9,all_unique
2023,particulate_air_quality,59,all_unique
2023,robotic_environmental_monitoring,5,all_unique
2023,robotic_sampling,1,all_unique
2023,water_quality_monitoring,30,all_unique
2024,embedded_environmental_sensing,2,all_unique
2024,four_wheel_steering,34,all_unique
2024,gas_olfaction_mapping,28,all_unique
2024,gas_sensor_calibration,5,all_unique
2024,other,215,all_unique
2024,outdoor_navigation_fusion,3,all_unique
2024,particulate_air_quality,53,all_unique
2024,robotic_environmental_monitoring,3,all_unique
2024,robotic_sampling,1,all_unique
2024,water_quality_monitoring,25,all_unique
2025,embedded_environmental_sensing,1,all_unique
2025,four_wheel_steering,46,all_unique
2025,gas_olfaction_mapping,20,all_unique
2025,gas_sensor_calibration,5,all_unique
2025,other,232,all_unique
2025,outdoor_navigation_fusion,7,all_unique
2025,particulate_air_quality,47,all_unique
2025,robotic_environmental_monitoring,9,all_unique
2025,robotic_sampling,1,all_unique
2025,water_quality_monitoring,31,all_unique
2026,embedded_environmental_sensing,6,all_unique
2026,four_wheel_steering,33,all_unique
2026,gas_olfaction_mapping,15,all_unique
2026,gas_sensor_calibration,3,all_unique
2026,other,175,all_unique
2026,outdoor_navigation_fusion,8,all_unique
2026,particulate_air_quality,52,all_unique
2026,robotic_environmental_monitoring,9,all_unique
2026,robotic_sampling,1,all_unique
2026,water_quality_monitoring,22,all_unique
